id,canonical_title,aliases,topic,subtopic,pattern,level,tier,file_path,source_origin,external_links,companies,company_source,langs_present,tested,last_verified
PR-0001,DSA Foundation Notes,DSA_ac-main/02_Cpp_Control_Flow_Conditional_Statements_DSA_Notes.md,03-Arrays,fundamentals,Arrays,L4 Medium,Tier B,03-Arrays/dsa-foundation-notes.md,existing,NA,NA,NA,cpp,pending,2026-10-05
PR-0002,Mistake 1 --- `=` vs `==`,DSA_ac-main/02_Cpp_Control_Flow_Conditional_Statements_DSA_Notes.md,03-Arrays,fundamentals,Arrays,L4 Medium,Tier B,03-Arrays/mistake-1-vs.md,existing,NA,NA,NA,cpp,pending,2026-10-05
PR-0003,Mistake 2 --- Wrong range expression,DSA_ac-main/02_Cpp_Control_Flow_Conditional_Statements_DSA_Notes.md,03-Arrays,fundamentals,Arrays,L4 Medium,Tier B,03-Arrays/mistake-2-wrong-range-expression.md,existing,NA,NA,NA,cpp,pending,2026-10-05
PR-0004,Mistake 3 --- Incorrect OR condition,DSA_ac-main/02_Cpp_Control_Flow_Conditional_Statements_DSA_Notes.md,03-Arrays,fundamentals,Arrays,L4 Medium,Tier B,03-Arrays/mistake-3-incorrect-or-condition.md,existing,NA,NA,NA,cpp,pending,2026-10-05
PR-0005,Mistake 4 --- Forgetting `break`,DSA_ac-main/02_Cpp_Control_Flow_Conditional_Statements_DSA_Notes.md,03-Arrays,fundamentals,Arrays,L4 Medium,Tier B,03-Arrays/mistake-4-forgetting-break.md,existing,NA,NA,NA,cpp,pending,2026-10-05
PR-0006,Mistake 5 --- Confusing `break` and `continue`,DSA_ac-main/02_Cpp_Control_Flow_Conditional_Statements_DSA_Notes.md,03-Arrays,fundamentals,Arrays,L4 Medium,Tier B,03-Arrays/mistake-5-confusing-break-and-continue.md,existing,NA,NA,NA,cpp,pending,2026-10-05
PR-0007,Mistake 6 --- Confusing `'5'` and `5`,DSA_ac-main/02_Cpp_Control_Flow_Conditional_Statements_DSA_Notes.md,03-Arrays,fundamentals,Arrays,L4 Medium,Tier B,03-Arrays/mistake-6-confusing-5-and-5.md,existing,NA,NA,NA,cpp,pending,2026-10-05
PR-0008,Mistake 7 --- Confusing `'0'` and `'\0'`,DSA_ac-main/02_Cpp_Control_Flow_Conditional_Statements_DSA_Notes.md,03-Arrays,fundamentals,Arrays,L4 Medium,Tier B,03-Arrays/mistake-7-confusing-0-and-0.md,existing,NA,NA,NA,cpp,pending,2026-10-05
PR-0009,Mistake 8 --- Incorrect understanding of `\n`,DSA_ac-main/02_Cpp_Control_Flow_Conditional_Statements_DSA_Notes.md,03-Arrays,fundamentals,Arrays,L4 Medium,Tier B,03-Arrays/mistake-8-incorrect-understanding-of-n.md,existing,NA,NA,NA,cpp,pending,2026-10-05
PR-0010,`if`,DSA_ac-main/02_Cpp_Control_Flow_Conditional_Statements_DSA_Notes.md,03-Arrays,fundamentals,Arrays,L4 Medium,Tier B,03-Arrays/if.md,existing,NA,NA,NA,cpp,pending,2026-10-05
PR-0011,`if-else`,DSA_ac-main/02_Cpp_Control_Flow_Conditional_Statements_DSA_Notes.md,03-Arrays,fundamentals,Arrays,L4 Medium,Tier B,03-Arrays/if-else.md,existing,NA,NA,NA,cpp,pending,2026-10-05
PR-0012,`else-if`,DSA_ac-main/02_Cpp_Control_Flow_Conditional_Statements_DSA_Notes.md,03-Arrays,fundamentals,Arrays,L4 Medium,Tier B,03-Arrays/else-if.md,existing,NA,NA,NA,cpp,pending,2026-10-05
PR-0013,`switch`,DSA_ac-main/02_Cpp_Control_Flow_Conditional_Statements_DSA_Notes.md,03-Arrays,fundamentals,Arrays,L4 Medium,Tier B,03-Arrays/switch.md,existing,NA,NA,NA,cpp,pending,2026-10-05
PR-0014,`return`,DSA_ac-main/02_Cpp_Control_Flow_Conditional_Statements_DSA_Notes.md,03-Arrays,fundamentals,Arrays,L4 Medium,Tier B,03-Arrays/return.md,existing,NA,NA,NA,cpp,pending,2026-10-05
PR-0015,"Variables, Data Types, Type Casting & Operators",DSA_ac-main/C++ Fundamentals for DSA.md,03-Arrays,fundamentals,Arrays,L4 Medium,Tier B,03-Arrays/variables-data-types-type-casting-operators.md,existing,NA,NA,NA,cpp,pending,2026-10-05
PR-0016,Using `endl`,DSA_ac-main/C++ Fundamentals for DSA.md,03-Arrays,fundamentals,Arrays,L4 Medium,Tier B,03-Arrays/using-endl.md,existing,NA,NA,NA,cpp,pending,2026-10-05
PR-0017,Using `\n`,DSA_ac-main/C++ Fundamentals for DSA.md,03-Arrays,fundamentals,Arrays,L4 Medium,Tier B,03-Arrays/using-n.md,existing,NA,NA,NA,cpp,pending,2026-10-05
PR-0018,1 `int`,DSA_ac-main/C++ Fundamentals for DSA.md,03-Arrays,fundamentals,Arrays,L4 Medium,Tier B,03-Arrays/1-int.md,existing,NA,NA,NA,cpp,pending,2026-10-05
PR-0019,`static_cast`,DSA_ac-main/C++ Fundamentals for DSA.md,03-Arrays,fundamentals,Arrays,L4 Medium,Tier B,03-Arrays/static-cast.md,existing,NA,NA,NA,cpp,pending,2026-10-05
PR-0020,C-style cast,DSA_ac-main/C++ Fundamentals for DSA.md,03-Arrays,fundamentals,Arrays,L4 Medium,Tier B,03-Arrays/c-style-cast.md,existing,NA,NA,NA,cpp,pending,2026-10-05
PR-0021,`dynamic_cast`,DSA_ac-main/C++ Fundamentals for DSA.md,03-Arrays,fundamentals,Arrays,L4 Medium,Tier B,03-Arrays/dynamic-cast.md,existing,NA,NA,NA,cpp,pending,2026-10-05
PR-0022,`const_cast`,DSA_ac-main/C++ Fundamentals for DSA.md,03-Arrays,fundamentals,Arrays,L4 Medium,Tier B,03-Arrays/const-cast.md,existing,NA,NA,NA,cpp,pending,2026-10-05
PR-0023,`reinterpret_cast`,DSA_ac-main/C++ Fundamentals for DSA.md,03-Arrays,fundamentals,Arrays,L4 Medium,Tier B,03-Arrays/reinterpret-cast.md,existing,NA,NA,NA,cpp,pending,2026-10-05
PR-0024,Mistake 1 — Using `=` instead of `==`,DSA_ac-main/C++ Fundamentals for DSA.md,03-Arrays,fundamentals,Arrays,L4 Medium,Tier B,03-Arrays/mistake-1-using-instead-of.md,existing,NA,NA,NA,cpp,pending,2026-10-05
PR-0025,Mistake 2 — Expecting decimal output from integer division,DSA_ac-main/C++ Fundamentals for DSA.md,03-Arrays,fundamentals,Arrays,L4 Medium,Tier B,03-Arrays/mistake-2-expecting-decimal-output-from-integer-division.md,existing,NA,NA,NA,cpp,pending,2026-10-05
PR-0026,Mistake 3 — Thinking casting rounds,DSA_ac-main/C++ Fundamentals for DSA.md,03-Arrays,fundamentals,Arrays,L4 Medium,Tier B,03-Arrays/mistake-3-thinking-casting-rounds.md,existing,NA,NA,NA,cpp,pending,2026-10-05
PR-0027,Mistake 4 — Confusing `%` with percentage,DSA_ac-main/C++ Fundamentals for DSA.md,03-Arrays,fundamentals,Arrays,L4 Medium,Tier B,03-Arrays/mistake-4-confusing-with-percentage.md,existing,NA,NA,NA,cpp,pending,2026-10-05
PR-0028,Mistake 5 — Confusing `&&` and `&`,DSA_ac-main/C++ Fundamentals for DSA.md,03-Arrays,fundamentals,Arrays,L4 Medium,Tier B,03-Arrays/mistake-5-confusing-and.md,existing,NA,NA,NA,cpp,pending,2026-10-05
PR-0029,Mistake 6 — Confusing `||` and `|`,DSA_ac-main/C++ Fundamentals for DSA.md,03-Arrays,fundamentals,Arrays,L4 Medium,Tier B,03-Arrays/mistake-6-confusing-and.md,existing,NA,NA,NA,cpp,pending,2026-10-05
PR-0030,Mistake 7 — Confusing pre and post increment,DSA_ac-main/C++ Fundamentals for DSA.md,03-Arrays,fundamentals,Arrays,L4 Medium,Tier B,03-Arrays/mistake-7-confusing-pre-and-post-increment.md,existing,NA,NA,NA,cpp,pending,2026-10-05
PR-0031,Mistake 8 — Assuming all data types have fixed sizes,DSA_ac-main/C++ Fundamentals for DSA.md,03-Arrays,fundamentals,Arrays,L4 Medium,Tier B,03-Arrays/mistake-8-assuming-all-data-types-have-fixed-sizes.md,existing,NA,NA,NA,cpp,pending,2026-10-05
PR-0032,Method 2 — Size inferred,DSA_ac-main/Array/01_Arrays_Complete_DSA_Notes.md,03-Arrays,fundamentals,Arrays,L4 Medium,Tier B,03-Arrays/method-2-size-inferred.md,existing,NA,NA,NA,cpp,pending,2026-10-05
PR-0033,Method 3 — Partial initialization,DSA_ac-main/Array/01_Arrays_Complete_DSA_Notes.md,03-Arrays,fundamentals,Arrays,L4 Medium,Tier B,03-Arrays/method-3-partial-initialization.md,existing,NA,NA,NA,cpp,pending,2026-10-05
PR-0034,"What Does ""Unique"" Mean?",DSA_ac-main/Array/01_Arrays_Complete_DSA_Notes.md,03-Arrays,fundamentals,Arrays,L4 Medium,Tier B,03-Arrays/what-does-unique-mean.md,existing,NA,NA,NA,cpp,pending,2026-10-05
PR-0035,Subarray,DSA_ac-main/Array/01_Arrays_Complete_DSA_Notes.md,03-Arrays,fundamentals,Arrays,L4 Medium,Tier B,03-Arrays/subarray.md,existing,NA,NA,NA,cpp,pending,2026-10-05
PR-0036,Subsequence,DSA_ac-main/Array/01_Arrays_Complete_DSA_Notes.md,03-Arrays,fundamentals,Arrays,L4 Medium,Tier B,03-Arrays/subsequence.md,existing,NA,NA,NA,cpp,pending,2026-10-05
PR-0037,Subset,DSA_ac-main/Array/01_Arrays_Complete_DSA_Notes.md,03-Arrays,fundamentals,Arrays,L4 Medium,Tier B,03-Arrays/subset.md,existing,NA,NA,NA,cpp,pending,2026-10-05
PR-0038,Mistake 1 — Out-of-bounds access,DSA_ac-main/Array/01_Arrays_Complete_DSA_Notes.md,03-Arrays,fundamentals,Arrays,L4 Medium,Tier B,03-Arrays/mistake-1-out-of-bounds-access.md,existing,NA,NA,NA,cpp,pending,2026-10-05
PR-0039,Mistake 2 — Loop boundary error,DSA_ac-main/Array/01_Arrays_Complete_DSA_Notes.md,03-Arrays,fundamentals,Arrays,L4 Medium,Tier B,03-Arrays/mistake-2-loop-boundary-error.md,existing,NA,NA,NA,cpp,pending,2026-10-05
PR-0040,Mistake 3 — Starting maximum at zero,DSA_ac-main/Array/01_Arrays_Complete_DSA_Notes.md,03-Arrays,fundamentals,Arrays,L4 Medium,Tier B,03-Arrays/mistake-3-starting-maximum-at-zero.md,existing,NA,NA,NA,cpp,pending,2026-10-05
PR-0041,Mistake 4 — Starting product at zero,DSA_ac-main/Array/01_Arrays_Complete_DSA_Notes.md,03-Arrays,fundamentals,Arrays,L4 Medium,Tier B,03-Arrays/mistake-4-starting-product-at-zero.md,existing,NA,NA,NA,cpp,pending,2026-10-05
PR-0042,Mistake 5 — Binary search on an unsorted array,DSA_ac-main/Array/01_Arrays_Complete_DSA_Notes.md,03-Arrays,fundamentals,Arrays,L4 Medium,Tier A,03-Arrays/mistake-5-binary-search-on-an-unsorted-array.md,existing,NA,NA,NA,cpp,pending,2026-10-05
PR-0043,Mistake 6 — Forgetting empty-array cases,DSA_ac-main/Array/01_Arrays_Complete_DSA_Notes.md,03-Arrays,fundamentals,Arrays,L4 Medium,Tier B,03-Arrays/mistake-6-forgetting-empty-array-cases.md,existing,NA,NA,NA,cpp,pending,2026-10-05
PR-0044,Mistake 7 — Integer overflow,DSA_ac-main/Array/01_Arrays_Complete_DSA_Notes.md,03-Arrays,fundamentals,Arrays,L4 Medium,Tier B,03-Arrays/mistake-7-integer-overflow.md,existing,NA,NA,NA,cpp,pending,2026-10-05
PR-0045,Pattern 1 — Simple Traversal,DSA_ac-main/Array/01_Arrays_Complete_DSA_Notes.md,03-Arrays,fundamentals,Arrays,L4 Medium,Tier B,03-Arrays/pattern-1-simple-traversal.md,existing,NA,NA,NA,cpp,pending,2026-10-05
PR-0046,Pattern 2 — Two Pointers,DSA_ac-main/Array/01_Arrays_Complete_DSA_Notes.md,03-Arrays,fundamentals,Arrays,L4 Medium,Tier B,03-Arrays/pattern-2-two-pointers.md,existing,NA,NA,NA,cpp,pending,2026-10-05
PR-0047,Q1. Print all array elements,DSA_ac-main/Array/01_Arrays_Complete_DSA_Notes.md,03-Arrays,fundamentals,Arrays,L4 Medium,Tier B,03-Arrays/q1-print-all-array-elements.md,existing,NA,NA,NA,cpp,pending,2026-10-05
PR-0048,Q2. Find the sum,DSA_ac-main/Array/01_Arrays_Complete_DSA_Notes.md,03-Arrays,fundamentals,Arrays,L4 Medium,Tier B,03-Arrays/q2-find-the-sum.md,existing,NA,NA,NA,cpp,pending,2026-10-05
PR-0049,Q3. Find minimum,DSA_ac-main/Array/01_Arrays_Complete_DSA_Notes.md,03-Arrays,fundamentals,Arrays,L4 Medium,Tier B,03-Arrays/q3-find-minimum.md,existing,NA,NA,NA,cpp,pending,2026-10-05
PR-0050,Q4. Find maximum,DSA_ac-main/Array/01_Arrays_Complete_DSA_Notes.md,03-Arrays,fundamentals,Arrays,L4 Medium,Tier B,03-Arrays/q4-find-maximum.md,existing,NA,NA,NA,cpp,pending,2026-10-05
PR-0051,Q5. Count even numbers,DSA_ac-main/Array/01_Arrays_Complete_DSA_Notes.md,03-Arrays,fundamentals,Arrays,L4 Medium,Tier B,03-Arrays/q5-count-even-numbers.md,existing,NA,NA,NA,cpp,pending,2026-10-05
PR-0052,"Q6. Count positive, negative, and zero",DSA_ac-main/Array/01_Arrays_Complete_DSA_Notes.md,03-Arrays,fundamentals,Arrays,L4 Medium,Tier B,03-Arrays/q6-count-positive-negative-and-zero.md,existing,NA,NA,NA,cpp,pending,2026-10-05
PR-0053,Q7. Linear search,DSA_ac-main/Array/01_Arrays_Complete_DSA_Notes.md,03-Arrays,fundamentals,Arrays,L4 Medium,Tier B,03-Arrays/q7-linear-search.md,existing,NA,NA,NA,cpp,pending,2026-10-05
PR-0054,Q8. Search for a missing value,DSA_ac-main/Array/01_Arrays_Complete_DSA_Notes.md,03-Arrays,fundamentals,Arrays,L4 Medium,Tier B,03-Arrays/q8-search-for-a-missing-value.md,existing,NA,NA,NA,cpp,pending,2026-10-05
PR-0055,Q9. First occurrence,DSA_ac-main/Array/01_Arrays_Complete_DSA_Notes.md,03-Arrays,fundamentals,Arrays,L4 Medium,Tier B,03-Arrays/q9-first-occurrence.md,existing,NA,NA,NA,cpp,pending,2026-10-05
PR-0056,Q10. Last occurrence,DSA_ac-main/Array/01_Arrays_Complete_DSA_Notes.md,03-Arrays,fundamentals,Arrays,L4 Medium,Tier B,03-Arrays/q10-last-occurrence.md,existing,NA,NA,NA,cpp,pending,2026-10-05
PR-0057,Q11. Count occurrences,DSA_ac-main/Array/01_Arrays_Complete_DSA_Notes.md,03-Arrays,fundamentals,Arrays,L4 Medium,Tier B,03-Arrays/q11-count-occurrences.md,existing,NA,NA,NA,cpp,pending,2026-10-05
PR-0058,Q12. Reverse an array,DSA_ac-main/Array/01_Arrays_Complete_DSA_Notes.md,03-Arrays,fundamentals,Arrays,L4 Medium,Tier B,03-Arrays/q12-reverse-an-array.md,existing,NA,NA,NA,cpp,pending,2026-10-05
PR-0059,Q13. Swap minimum and maximum,DSA_ac-main/Array/01_Arrays_Complete_DSA_Notes.md,03-Arrays,fundamentals,Arrays,L4 Medium,Tier B,03-Arrays/q13-swap-minimum-and-maximum.md,existing,NA,NA,NA,cpp,pending,2026-10-05
PR-0060,Q14. Left rotate by one,DSA_ac-main/Array/01_Arrays_Complete_DSA_Notes.md,03-Arrays,fundamentals,Arrays,L4 Medium,Tier B,03-Arrays/q14-left-rotate-by-one.md,existing,NA,NA,NA,cpp,pending,2026-10-05
PR-0061,Q15. Right rotate by one,DSA_ac-main/Array/01_Arrays_Complete_DSA_Notes.md,03-Arrays,fundamentals,Arrays,L4 Medium,Tier B,03-Arrays/q15-right-rotate-by-one.md,existing,NA,NA,NA,cpp,pending,2026-10-05
PR-0062,Q16. Print elements occurring exactly once,DSA_ac-main/Array/01_Arrays_Complete_DSA_Notes.md,03-Arrays,fundamentals,Arrays,L4 Medium,Tier B,03-Arrays/q16-print-elements-occurring-exactly-once.md,existing,NA,NA,NA,cpp,pending,2026-10-05
PR-0063,Q17. Print each distinct value once,DSA_ac-main/Array/01_Arrays_Complete_DSA_Notes.md,03-Arrays,fundamentals,Arrays,L4 Medium,Tier B,03-Arrays/q17-print-each-distinct-value-once.md,existing,NA,NA,NA,cpp,pending,2026-10-05
PR-0064,Q18. Find duplicate values,DSA_ac-main/Array/01_Arrays_Complete_DSA_Notes.md,03-Arrays,fundamentals,Arrays,L4 Medium,Tier B,03-Arrays/q18-find-duplicate-values.md,existing,NA,NA,NA,cpp,pending,2026-10-05
PR-0065,Q19. Check whether array is sorted,DSA_ac-main/Array/01_Arrays_Complete_DSA_Notes.md,03-Arrays,fundamentals,Arrays,L4 Medium,Tier B,03-Arrays/q19-check-whether-array-is-sorted.md,existing,NA,NA,NA,cpp,pending,2026-10-05
PR-0066,Q20. Check non-decreasing order,DSA_ac-main/Array/01_Arrays_Complete_DSA_Notes.md,03-Arrays,fundamentals,Arrays,L4 Medium,Tier B,03-Arrays/q20-check-non-decreasing-order.md,existing,NA,NA,NA,cpp,pending,2026-10-05
PR-0067,Q21. Check strictly increasing order,DSA_ac-main/Array/01_Arrays_Complete_DSA_Notes.md,03-Arrays,fundamentals,Arrays,L4 Medium,Tier B,03-Arrays/q21-check-strictly-increasing-order.md,existing,NA,NA,NA,cpp,pending,2026-10-05
PR-0068,Q22. Find second largest distinct element,DSA_ac-main/Array/01_Arrays_Complete_DSA_Notes.md,03-Arrays,fundamentals,Arrays,L4 Medium,Tier B,03-Arrays/q22-find-second-largest-distinct-element.md,existing,NA,NA,NA,cpp,pending,2026-10-05
PR-0069,Q23. Move all zeros to the end,DSA_ac-main/Array/01_Arrays_Complete_DSA_Notes.md,03-Arrays,fundamentals,Arrays,L4 Medium,Tier B,03-Arrays/q23-move-all-zeros-to-the-end.md,existing,NA,NA,NA,cpp,pending,2026-10-05
PR-0070,Q24. Find missing number,DSA_ac-main/Array/01_Arrays_Complete_DSA_Notes.md,03-Arrays,fundamentals,Arrays,L4 Medium,Tier B,03-Arrays/q24-find-missing-number.md,existing,NA,NA,NA,cpp,pending,2026-10-05
PR-0071,Q25. Find intersection,DSA_ac-main/Array/01_Arrays_Complete_DSA_Notes.md,03-Arrays,fundamentals,Arrays,L4 Medium,Tier B,03-Arrays/q25-find-intersection.md,existing,NA,NA,NA,cpp,pending,2026-10-05
PR-0072,Q26. Find union of two arrays,DSA_ac-main/Array/01_Arrays_Complete_DSA_Notes.md,03-Arrays,fundamentals,Arrays,L4 Medium,Tier B,03-Arrays/q26-find-union-of-two-arrays.md,existing,NA,NA,NA,cpp,pending,2026-10-05
PR-0073,Q27. Build prefix sum,DSA_ac-main/Array/01_Arrays_Complete_DSA_Notes.md,03-Arrays,fundamentals,Arrays,L4 Medium,Tier B,03-Arrays/q27-build-prefix-sum.md,existing,NA,NA,NA,cpp,pending,2026-10-05
PR-0074,Q28. Range sum,DSA_ac-main/Array/01_Arrays_Complete_DSA_Notes.md,03-Arrays,fundamentals,Arrays,L4 Medium,Tier B,03-Arrays/q28-range-sum.md,existing,NA,NA,NA,cpp,pending,2026-10-05
PR-0075,Q29. Reverse in-place,DSA_ac-main/Array/01_Arrays_Complete_DSA_Notes.md,03-Arrays,fundamentals,Arrays,L4 Medium,Tier B,03-Arrays/q29-reverse-in-place.md,existing,NA,NA,NA,cpp,pending,2026-10-05
PR-0076,Q30. Two Sum in Sorted Array,DSA_ac-main/Array/01_Arrays_Complete_DSA_Notes.md,03-Arrays,fundamentals,Arrays,L4 Medium,Tier A,03-Arrays/q30-two-sum-in-sorted-array.md,existing,NA,NA,NA,cpp,pending,2026-10-05
PR-0077,Q31. Maximum subarray sum,DSA_ac-main/Array/01_Arrays_Complete_DSA_Notes.md,03-Arrays,fundamentals,Arrays,L4 Medium,Tier A,03-Arrays/q31-maximum-subarray-sum.md,existing,NA,NA,NA,cpp,pending,2026-10-05
PR-0078,Q32. Print all subarrays,DSA_ac-main/Array/01_Arrays_Complete_DSA_Notes.md,03-Arrays,fundamentals,Arrays,L4 Medium,Tier B,03-Arrays/q32-print-all-subarrays.md,existing,NA,NA,NA,cpp,pending,2026-10-05
PR-0079,Q33. Print matrix,DSA_ac-main/Array/01_Arrays_Complete_DSA_Notes.md,03-Arrays,fundamentals,Arrays,L4 Medium,Tier B,03-Arrays/q33-print-matrix.md,existing,NA,NA,NA,cpp,pending,2026-10-05
PR-0080,Q34. Row sums,DSA_ac-main/Array/01_Arrays_Complete_DSA_Notes.md,03-Arrays,fundamentals,Arrays,L4 Medium,Tier B,03-Arrays/q34-row-sums.md,existing,NA,NA,NA,cpp,pending,2026-10-05
PR-0081,Q35. Column sums,DSA_ac-main/Array/01_Arrays_Complete_DSA_Notes.md,03-Arrays,fundamentals,Arrays,L4 Medium,Tier B,03-Arrays/q35-column-sums.md,existing,NA,NA,NA,cpp,pending,2026-10-05
PR-0082,Q36. Primary diagonal,DSA_ac-main/Array/01_Arrays_Complete_DSA_Notes.md,03-Arrays,fundamentals,Arrays,L4 Medium,Tier B,03-Arrays/q36-primary-diagonal.md,existing,NA,NA,NA,cpp,pending,2026-10-05
PR-0083,Q37. Secondary diagonal,DSA_ac-main/Array/01_Arrays_Complete_DSA_Notes.md,03-Arrays,fundamentals,Arrays,L4 Medium,Tier B,03-Arrays/q37-secondary-diagonal.md,existing,NA,NA,NA,cpp,pending,2026-10-05
PR-0084,Method 1 — Empty Vector,DSA_ac-main/Array/02_Cpp_Vectors_and_Advanced_Array_DSA_Notes.md,03-Arrays,fundamentals,Arrays,L4 Medium,Tier B,03-Arrays/method-1-empty-vector.md,existing,NA,NA,NA,cpp,pending,2026-10-05
PR-0085,Method 2 — Empty Vector Using `{}`,DSA_ac-main/Array/02_Cpp_Vectors_and_Advanced_Array_DSA_Notes.md,03-Arrays,fundamentals,Arrays,L4 Medium,Tier B,03-Arrays/method-2-empty-vector-using.md,existing,NA,NA,NA,cpp,pending,2026-10-05
PR-0086,Method 3 — Vector with a Given Size,DSA_ac-main/Array/02_Cpp_Vectors_and_Advanced_Array_DSA_Notes.md,03-Arrays,fundamentals,Arrays,L4 Medium,Tier B,03-Arrays/method-3-vector-with-a-given-size.md,existing,NA,NA,NA,cpp,pending,2026-10-05
PR-0087,Capacity,DSA_ac-main/Array/02_Cpp_Vectors_and_Advanced_Array_DSA_Notes.md,03-Arrays,fundamentals,Arrays,L4 Medium,Tier B,03-Arrays/capacity.md,existing,NA,NA,NA,cpp,pending,2026-10-05
PR-0088,Problem,DSA_ac-main/Array/03_DSA_Time_and_Space_Complexity_Notes.md | DSA_ac-main/Array/02_Cpp_Vectors_and_Advanced_Array_DSA_Notes.md,03-Arrays,fundamentals,Arrays,L4 Medium,Tier B,03-Arrays/problem.md,existing,NA,NA,NA,cpp,pending,2026-10-05
PR-0089,Issue 1 — `ans` not declared,DSA_ac-main/Array/02_Cpp_Vectors_and_Advanced_Array_DSA_Notes.md,03-Arrays,fundamentals,Arrays,L4 Medium,Tier B,03-Arrays/issue-1-ans-not-declared.md,existing,NA,NA,NA,cpp,pending,2026-10-05
PR-0090,Issue 2 — Missing `&` in output,DSA_ac-main/Array/02_Cpp_Vectors_and_Advanced_Array_DSA_Notes.md,03-Arrays,fundamentals,Arrays,L4 Medium,Tier B,03-Arrays/issue-2-missing-in-output.md,existing,NA,NA,NA,cpp,pending,2026-10-05
PR-0091,Issue 3 — Missing `vector<int>` return syntax details,DSA_ac-main/Array/02_Cpp_Vectors_and_Advanced_Array_DSA_Notes.md,03-Arrays,fundamentals,Arrays,L4 Medium,Tier B,03-Arrays/issue-3-missing-vector-int-return-syntax-details.md,existing,NA,NA,NA,cpp,pending,2026-10-05
PR-0092,Issue 4 — Sorting requires `<algorithm>`,DSA_ac-main/Array/02_Cpp_Vectors_and_Advanced_Array_DSA_Notes.md,03-Arrays,fundamentals,Arrays,L4 Medium,Tier B,03-Arrays/issue-4-sorting-requires-algorithm.md,existing,NA,NA,NA,cpp,pending,2026-10-05
PR-0093,Issue 5 — Majority-element sorting code,DSA_ac-main/Array/02_Cpp_Vectors_and_Advanced_Array_DSA_Notes.md,03-Arrays,fundamentals,Arrays,L4 Medium,Tier B,03-Arrays/issue-5-majority-element-sorting-code.md,existing,NA,NA,NA,cpp,pending,2026-10-05
PR-0094,Mistake 1 — Confusing size and capacity,DSA_ac-main/Array/02_Cpp_Vectors_and_Advanced_Array_DSA_Notes.md,03-Arrays,fundamentals,Arrays,L4 Medium,Tier B,03-Arrays/mistake-1-confusing-size-and-capacity.md,existing,NA,NA,NA,cpp,pending,2026-10-05
PR-0095,Mistake 2 — Assuming capacity always doubles,DSA_ac-main/Array/02_Cpp_Vectors_and_Advanced_Array_DSA_Notes.md,03-Arrays,fundamentals,Arrays,L4 Medium,Tier B,03-Arrays/mistake-2-assuming-capacity-always-doubles.md,existing,NA,NA,NA,cpp,pending,2026-10-05
PR-0096,Mistake 3 — Calling `front()` on empty vector,DSA_ac-main/Array/02_Cpp_Vectors_and_Advanced_Array_DSA_Notes.md,03-Arrays,fundamentals,Arrays,L4 Medium,Tier B,03-Arrays/mistake-3-calling-front-on-empty-vector.md,existing,NA,NA,NA,cpp,pending,2026-10-05
PR-0097,Mistake 4 — Calling `back()` after `pop_back()` without checking,DSA_ac-main/Array/02_Cpp_Vectors_and_Advanced_Array_DSA_Notes.md,03-Arrays,fundamentals,Arrays,L4 Medium,Tier B,03-Arrays/mistake-4-calling-back-after-pop-back-without-checking.md,existing,NA,NA,NA,cpp,pending,2026-10-05
PR-0098,Mistake 5 — Using invalid index,DSA_ac-main/Array/02_Cpp_Vectors_and_Advanced_Array_DSA_Notes.md,03-Arrays,fundamentals,Arrays,L4 Medium,Tier B,03-Arrays/mistake-5-using-invalid-index.md,existing,NA,NA,NA,cpp,pending,2026-10-05
PR-0099,Mistake 6 — Assuming `at()` silently returns something,DSA_ac-main/Array/02_Cpp_Vectors_and_Advanced_Array_DSA_Notes.md,03-Arrays,fundamentals,Arrays,L4 Medium,Tier B,03-Arrays/mistake-6-assuming-at-silently-returns-something.md,existing,NA,NA,NA,cpp,pending,2026-10-05
PR-0100,Vector Basics,DSA_ac-main/Array/02_Cpp_Vectors_and_Advanced_Array_DSA_Notes.md,03-Arrays,fundamentals,Arrays,L2 Easy,Tier B,03-Arrays/vector-basics.md,existing,NA,NA,NA,cpp,pending,2026-10-05
PR-0101,Statement,DSA_ac-main/Array/03_DSA_Pair_Sum_Majority_Element_Brute_Better_Optimal.md,03-Arrays,fundamentals,Arrays,L4 Medium,Tier B,03-Arrays/statement.md,existing,NA,NA,NA,cpp,pending,2026-10-05
PR-0102,Idea,DSA_ac-main/Array/03_DSA_Pair_Sum_Majority_Element_Brute_Better_Optimal.md,03-Arrays,fundamentals,Arrays,L4 Medium,Tier B,03-Arrays/idea.md,existing,NA,NA,NA,cpp,pending,2026-10-05
PR-0103,Example,DSA_ac-main/Array/03_DSA_Pair_Sum_Majority_Element_Brute_Better_Optimal.md,03-Arrays,fundamentals,Arrays,L4 Medium,Tier B,03-Arrays/example.md,existing,NA,NA,NA,cpp,pending,2026-10-05
PR-0104,Why Do We Start `j` from `i + 1`?,DSA_ac-main/Array/03_DSA_Pair_Sum_Majority_Element_Brute_Better_Optimal.md,03-Arrays,fundamentals,Arrays,L4 Medium,Tier B,03-Arrays/why-do-we-start-j-from-i-1.md,existing,NA,NA,NA,cpp,pending,2026-10-05
PR-0105,Brute Force Complexity,DSA_ac-main/Array/03_DSA_Pair_Sum_Majority_Element_Brute_Better_Optimal.md,03-Arrays,fundamentals,Arrays,L4 Medium,Tier B,03-Arrays/brute-force-complexity.md,existing,NA,NA,NA,cpp,pending,2026-10-05
PR-0106,Core Condition,DSA_ac-main/Array/03_DSA_Pair_Sum_Majority_Element_Brute_Better_Optimal.md,03-Arrays,fundamentals,Arrays,L4 Medium,Tier B,03-Arrays/core-condition.md,existing,NA,NA,NA,cpp,pending,2026-10-05
PR-0107,Case 1 — `sum > target`,DSA_ac-main/Array/03_DSA_Pair_Sum_Majority_Element_Brute_Better_Optimal.md,03-Arrays,fundamentals,Arrays,L4 Medium,Tier B,03-Arrays/case-1-sum-target.md,existing,NA,NA,NA,cpp,pending,2026-10-05
PR-0108,Iteration 1,DSA_ac-main/Array/03_DSA_Pair_Sum_Majority_Element_Brute_Better_Optimal.md | DSA_ac-main/Array/08_DSA_Binary_Search_Complete_Notes.md | DSA_ac-main/Array/05_DSA_Container_With_Most_Water_Notes.md,03-Arrays,fundamentals,Arrays,L4 Medium,Tier B,03-Arrays/iteration-1.md,existing,NA,NA,NA,cpp,pending,2026-10-05
PR-0109,Iteration 2,DSA_ac-main/Array/03_DSA_Pair_Sum_Majority_Element_Brute_Better_Optimal.md | DSA_ac-main/Array/08_DSA_Binary_Search_Complete_Notes.md | DSA_ac-main/Array/05_DSA_Container_With_Most_Water_Notes.md,03-Arrays,fundamentals,Arrays,L4 Medium,Tier B,03-Arrays/iteration-2.md,existing,NA,NA,NA,cpp,pending,2026-10-05
PR-0110,Iteration 3,DSA_ac-main/Array/03_DSA_Pair_Sum_Majority_Element_Brute_Better_Optimal.md | DSA_ac-main/Array/08_DSA_Binary_Search_Complete_Notes.md | DSA_ac-main/Array/05_DSA_Container_With_Most_Water_Notes.md,03-Arrays,fundamentals,Arrays,L4 Medium,Tier B,03-Arrays/iteration-3.md,existing,NA,NA,NA,cpp,pending,2026-10-05
PR-0111,Core Idea,DSA_ac-main/Array/03_DSA_Pair_Sum_Majority_Element_Brute_Better_Optimal.md,03-Arrays,fundamentals,Arrays,L4 Medium,Tier B,03-Arrays/core-idea.md,existing,NA,NA,NA,cpp,pending,2026-10-05
PR-0112,BEST INTERVIEW APPROACH,DSA_ac-main/Array/03_DSA_Pair_Sum_Majority_Element_Brute_Better_Optimal.md,03-Arrays,fundamentals,Arrays,L4 Medium,Tier B,03-Arrays/best-interview-approach.md,existing,NA,NA,NA,cpp,pending,2026-10-05
PR-0113,Rule 1 — Count becomes zero,DSA_ac-main/Array/03_DSA_Pair_Sum_Majority_Element_Brute_Better_Optimal.md,03-Arrays,fundamentals,Arrays,L4 Medium,Tier B,03-Arrays/rule-1-count-becomes-zero.md,existing,NA,NA,NA,cpp,pending,2026-10-05
PR-0114,Rule 2 — Current value equals candidate,DSA_ac-main/Array/03_DSA_Pair_Sum_Majority_Element_Brute_Better_Optimal.md,03-Arrays,fundamentals,Arrays,L4 Medium,Tier B,03-Arrays/rule-2-current-value-equals-candidate.md,existing,NA,NA,NA,cpp,pending,2026-10-05
PR-0115,Rule 3 — Current value differs,DSA_ac-main/Array/03_DSA_Pair_Sum_Majority_Element_Brute_Better_Optimal.md,03-Arrays,fundamentals,Arrays,L4 Medium,Tier B,03-Arrays/rule-3-current-value-differs.md,existing,NA,NA,NA,cpp,pending,2026-10-05
PR-0116,Start,DSA_ac-main/Array/03_DSA_Pair_Sum_Majority_Element_Brute_Better_Optimal.md,03-Arrays,fundamentals,Arrays,L4 Medium,Tier B,03-Arrays/start.md,existing,NA,NA,NA,cpp,pending,2026-10-05
PR-0117,Beginner,DSA_ac-main/Array/03_DSA_Pair_Sum_Majority_Element_Brute_Better_Optimal.md,03-Arrays,fundamentals,Arrays,L4 Medium,Tier B,03-Arrays/beginner.md,existing,NA,NA,NA,cpp,pending,2026-10-05
PR-0118,Intermediate,DSA_ac-main/Array/03_DSA_Pair_Sum_Majority_Element_Brute_Better_Optimal.md,03-Arrays,fundamentals,Arrays,L4 Medium,Tier B,03-Arrays/intermediate.md,existing,NA,NA,NA,cpp,pending,2026-10-05
PR-0119,Advanced,DSA_ac-main/Array/03_DSA_Pair_Sum_Majority_Element_Brute_Better_Optimal.md,03-Arrays,fundamentals,Arrays,L4 Medium,Tier B,03-Arrays/advanced.md,existing,NA,NA,NA,cpp,pending,2026-10-05
PR-0120,Pair Sum,DSA_ac-main/Array/03_DSA_Pair_Sum_Majority_Element_Brute_Better_Optimal.md,03-Arrays,fundamentals,Arrays,L4 Medium,Tier B,03-Arrays/pair-sum.md,existing,NA,NA,NA,cpp,pending,2026-10-05
PR-0121,Majority Element,DSA_ac-main/Array/03_DSA_Pair_Sum_Majority_Element_Brute_Better_Optimal.md,03-Arrays,fundamentals,Arrays,L4 Medium,Tier B,03-Arrays/majority-element.md,existing,NA,NA,NA,cpp,pending,2026-10-05
PR-0122,What Is Time Complexity?,DSA_ac-main/Array/03_DSA_Time_and_Space_Complexity_Notes.md,03-Arrays,fundamentals,Arrays,L4 Medium,Tier B,03-Arrays/what-is-time-complexity.md,existing,NA,NA,NA,cpp,pending,2026-10-05
PR-0123,Big-O — `O()`,DSA_ac-main/Array/03_DSA_Time_and_Space_Complexity_Notes.md,03-Arrays,fundamentals,Arrays,L4 Medium,Tier B,03-Arrays/big-o-o.md,existing,NA,NA,NA,cpp,pending,2026-10-05
PR-0124,Big-Omega — `Ω()`,DSA_ac-main/Array/03_DSA_Time_and_Space_Complexity_Notes.md,03-Arrays,fundamentals,Arrays,L4 Medium,Tier B,03-Arrays/big-omega.md,existing,NA,NA,NA,cpp,pending,2026-10-05
PR-0125,Big-Theta — `Θ()`,DSA_ac-main/Array/03_DSA_Time_and_Space_Complexity_Notes.md,03-Arrays,fundamentals,Arrays,L4 Medium,Tier B,03-Arrays/big-theta.md,existing,NA,NA,NA,cpp,pending,2026-10-05
PR-0126,Auxiliary Space,DSA_ac-main/Array/03_DSA_Time_and_Space_Complexity_Notes.md,03-Arrays,fundamentals,Arrays,L4 Medium,Tier B,03-Arrays/auxiliary-space.md,existing,NA,NA,NA,cpp,pending,2026-10-05
PR-0127,Important Correction,DSA_ac-main/Array/03_DSA_Time_and_Space_Complexity_Notes.md,03-Arrays,fundamentals,Arrays,L4 Medium,Tier B,03-Arrays/important-correction.md,existing,NA,NA,NA,cpp,pending,2026-10-05
PR-0128,Iterative Factorial,DSA_ac-main/Array/03_DSA_Time_and_Space_Complexity_Notes.md,03-Arrays,fundamentals,Arrays,L4 Medium,Tier B,03-Arrays/iterative-factorial.md,existing,NA,NA,NA,cpp,pending,2026-10-05
PR-0129,Linear Loop,DSA_ac-main/Array/03_DSA_Time_and_Space_Complexity_Notes.md,03-Arrays,fundamentals,Arrays,L4 Medium,Tier B,03-Arrays/linear-loop.md,existing,NA,NA,NA,cpp,pending,2026-10-05
PR-0130,Nested Linear Loops,DSA_ac-main/Array/03_DSA_Time_and_Space_Complexity_Notes.md,03-Arrays,fundamentals,Arrays,L4 Medium,Tier B,03-Arrays/nested-linear-loops.md,existing,NA,NA,NA,cpp,pending,2026-10-05
PR-0131,Triple Nested Loops,DSA_ac-main/Array/03_DSA_Time_and_Space_Complexity_Notes.md,03-Arrays,fundamentals,Arrays,L4 Medium,Tier B,03-Arrays/triple-nested-loops.md,existing,NA,NA,NA,cpp,pending,2026-10-05
PR-0132,Doubling,DSA_ac-main/Array/03_DSA_Time_and_Space_Complexity_Notes.md,03-Arrays,fundamentals,Arrays,L4 Medium,Tier B,03-Arrays/doubling.md,existing,NA,NA,NA,cpp,pending,2026-10-05
PR-0133,Halving,DSA_ac-main/Array/03_DSA_Time_and_Space_Complexity_Notes.md,03-Arrays,fundamentals,Arrays,L4 Medium,Tier B,03-Arrays/halving.md,existing,NA,NA,NA,cpp,pending,2026-10-05
PR-0134,Sequential,DSA_ac-main/Array/03_DSA_Time_and_Space_Complexity_Notes.md,03-Arrays,fundamentals,Arrays,L4 Medium,Tier B,03-Arrays/sequential.md,existing,NA,NA,NA,cpp,pending,2026-10-05
PR-0135,Nested,DSA_ac-main/Array/03_DSA_Time_and_Space_Complexity_Notes.md,03-Arrays,fundamentals,Arrays,L4 Medium,Tier B,03-Arrays/nested.md,existing,NA,NA,NA,cpp,pending,2026-10-05
PR-0136,Mistake 1,DSA_ac-main/Array/07_DSA_CPP_Pointers_Complete_Notes.md | DSA_ac-main/Array/03_DSA_Time_and_Space_Complexity_Notes.md | DSA_ac-main/Array/06_DSA_Product_of_Array_Except_Self_LeetCode_238.md,03-Arrays,fundamentals,Arrays,L4 Medium,Tier B,03-Arrays/mistake-1.md,existing,NA,NA,NA,cpp,pending,2026-10-05
PR-0137,Mistake 2,DSA_ac-main/Array/07_DSA_CPP_Pointers_Complete_Notes.md | DSA_ac-main/Array/03_DSA_Time_and_Space_Complexity_Notes.md | DSA_ac-main/Array/06_DSA_Product_of_Array_Except_Self_LeetCode_238.md,03-Arrays,fundamentals,Arrays,L4 Medium,Tier B,03-Arrays/mistake-2.md,existing,NA,NA,NA,cpp,pending,2026-10-05
PR-0138,Mistake 3,DSA_ac-main/Array/07_DSA_CPP_Pointers_Complete_Notes.md | DSA_ac-main/Array/03_DSA_Time_and_Space_Complexity_Notes.md | DSA_ac-main/Array/06_DSA_Product_of_Array_Except_Self_LeetCode_238.md,03-Arrays,fundamentals,Arrays,L4 Medium,Tier B,03-Arrays/mistake-3.md,existing,NA,NA,NA,cpp,pending,2026-10-05
PR-0139,Mistake 4,DSA_ac-main/Array/07_DSA_CPP_Pointers_Complete_Notes.md | DSA_ac-main/Array/03_DSA_Time_and_Space_Complexity_Notes.md | DSA_ac-main/Array/06_DSA_Product_of_Array_Except_Self_LeetCode_238.md,03-Arrays,fundamentals,Arrays,L4 Medium,Tier B,03-Arrays/mistake-4.md,existing,NA,NA,NA,cpp,pending,2026-10-05
PR-0140,Mistake 5,DSA_ac-main/Array/07_DSA_CPP_Pointers_Complete_Notes.md | DSA_ac-main/Array/03_DSA_Time_and_Space_Complexity_Notes.md | DSA_ac-main/Array/06_DSA_Product_of_Array_Except_Self_LeetCode_238.md,03-Arrays,fundamentals,Arrays,L4 Medium,Tier B,03-Arrays/mistake-5.md,existing,NA,NA,NA,cpp,pending,2026-10-05
PR-0141,Basic,dsa-main/1_basic.cpp | DSA_ac-main/Array/03_DSA_Time_and_Space_Complexity_Notes.md,03-Arrays,fundamentals,Arrays,L2 Easy,Tier B,03-Arrays/basic.md,existing,NA,NA,NA,cpp,pending,2026-10-05
PR-0142,Binary Exponentiation / Fast Power,DSA_ac-main/Array/04_DSA_Binary_Exponentiation_and_Stock_Problem_Notes.md,03-Arrays,fundamentals,Arrays,L4 Medium,Tier B,03-Arrays/binary-exponentiation-fast-power.md,existing,NA,NA,NA,cpp,pending,2026-10-05
PR-0143,Brute Force Power,DSA_ac-main/Array/04_DSA_Binary_Exponentiation_and_Stock_Problem_Notes.md,03-Arrays,fundamentals,Arrays,L4 Medium,Tier B,03-Arrays/brute-force-power.md,existing,NA,NA,NA,cpp,pending,2026-10-05
PR-0144,Mistake 1 — Selling Before Buying,DSA_ac-main/Array/04_DSA_Binary_Exponentiation_and_Stock_Problem_Notes.md,03-Arrays,fundamentals,Arrays,L4 Medium,Tier B,03-Arrays/mistake-1-selling-before-buying.md,existing,NA,NA,NA,cpp,pending,2026-10-05
PR-0145,Mistake 2 — Using the Global Minimum Incorrectly,DSA_ac-main/Array/04_DSA_Binary_Exponentiation_and_Stock_Problem_Notes.md,03-Arrays,fundamentals,Arrays,L4 Medium,Tier B,03-Arrays/mistake-2-using-the-global-minimum-incorrectly.md,existing,NA,NA,NA,cpp,pending,2026-10-05
PR-0146,Mistake 3 — Returning a Negative Profit,DSA_ac-main/Array/04_DSA_Binary_Exponentiation_and_Stock_Problem_Notes.md,03-Arrays,fundamentals,Arrays,L4 Medium,Tier B,03-Arrays/mistake-3-returning-a-negative-profit.md,existing,NA,NA,NA,cpp,pending,2026-10-05
PR-0147,Binary Exponentiation,DSA_ac-main/Array/04_DSA_Binary_Exponentiation_and_Stock_Problem_Notes.md,03-Arrays,fundamentals,Arrays,L4 Medium,Tier B,03-Arrays/binary-exponentiation.md,existing,NA,NA,NA,cpp,pending,2026-10-05
PR-0148,Best Time to Buy and Sell Stock,DSA_ac-main/Array/04_DSA_Binary_Exponentiation_and_Stock_Problem_Notes.md,03-Arrays,fundamentals,Arrays,L4 Medium,Tier B,03-Arrays/best-time-to-buy-and-sell-stock.md,existing,NA,NA,NA,cpp,pending,2026-10-05
PR-0149,Stock Problem,DSA_ac-main/Array/04_DSA_Binary_Exponentiation_and_Stock_Problem_Notes.md,03-Arrays,fundamentals,Arrays,L4 Medium,Tier B,03-Arrays/stock-problem.md,existing,NA,NA,NA,cpp,pending,2026-10-05
PR-0150,How it works,DSA_ac-main/Array/06_DSA_Product_of_Array_Except_Self_LeetCode_238.md | DSA_ac-main/Array/05_DSA_Container_With_Most_Water_Notes.md,03-Arrays,fundamentals,Arrays,L4 Medium,Tier B,03-Arrays/how-it-works.md,existing,NA,NA,NA,cpp,pending,2026-10-05
PR-0151,Mistake 1 — Using Maximum Height,DSA_ac-main/Array/05_DSA_Container_With_Most_Water_Notes.md,03-Arrays,fundamentals,Arrays,L4 Medium,Tier B,03-Arrays/mistake-1-using-maximum-height.md,existing,NA,NA,NA,cpp,pending,2026-10-05
PR-0152,Mistake 2 — Wrong Width,DSA_ac-main/Array/05_DSA_Container_With_Most_Water_Notes.md,03-Arrays,fundamentals,Arrays,L4 Medium,Tier B,03-Arrays/mistake-2-wrong-width.md,existing,NA,NA,NA,cpp,pending,2026-10-05
PR-0153,Mistake 3 — Moving the Taller Pointer,DSA_ac-main/Array/05_DSA_Container_With_Most_Water_Notes.md,03-Arrays,fundamentals,Arrays,L4 Medium,Tier B,03-Arrays/mistake-3-moving-the-taller-pointer.md,existing,NA,NA,NA,cpp,pending,2026-10-05
PR-0154,Mistake 4 — Moving Both Pointers,DSA_ac-main/Array/05_DSA_Container_With_Most_Water_Notes.md,03-Arrays,fundamentals,Arrays,L4 Medium,Tier B,03-Arrays/mistake-4-moving-both-pointers.md,existing,NA,NA,NA,cpp,pending,2026-10-05
PR-0155,Mistake 5 — Forgetting `lp < rp`,DSA_ac-main/Array/05_DSA_Container_With_Most_Water_Notes.md,03-Arrays,fundamentals,Arrays,L4 Medium,Tier B,03-Arrays/mistake-5-forgetting-lp-rp.md,existing,NA,NA,NA,cpp,pending,2026-10-05
PR-0156,Formula,DSA_ac-main/Array/05_DSA_Container_With_Most_Water_Notes.md,03-Arrays,fundamentals,Arrays,L4 Medium,Tier B,03-Arrays/formula.md,existing,NA,NA,NA,cpp,pending,2026-10-05
PR-0157,Two Pointer,DSA_ac-main/Array/05_DSA_Container_With_Most_Water_Notes.md,03-Arrays,fundamentals,Arrays,L4 Medium,Tier B,03-Arrays/two-pointer.md,existing,NA,NA,NA,cpp,pending,2026-10-05
PR-0158,i = 1,DSA_ac-main/Array/06_DSA_Product_of_Array_Except_Self_LeetCode_238.md,03-Arrays,fundamentals,Arrays,L4 Medium,Tier B,03-Arrays/i-1.md,existing,NA,NA,NA,cpp,pending,2026-10-05
PR-0159,i = 2,DSA_ac-main/Array/06_DSA_Product_of_Array_Except_Self_LeetCode_238.md,03-Arrays,fundamentals,Arrays,L4 Medium,Tier B,03-Arrays/i-2.md,existing,NA,NA,NA,cpp,pending,2026-10-05
PR-0160,i = 3,DSA_ac-main/Array/06_DSA_Product_of_Array_Except_Self_LeetCode_238.md,03-Arrays,fundamentals,Arrays,L4 Medium,Tier B,03-Arrays/i-3.md,existing,NA,NA,NA,cpp,pending,2026-10-05
PR-0161,Zero,DSA_ac-main/Array/06_DSA_Product_of_Array_Except_Self_LeetCode_238.md,03-Arrays,fundamentals,Arrays,L4 Medium,Tier B,03-Arrays/zero.md,existing,NA,NA,NA,cpp,pending,2026-10-05
PR-0162,Mistake 6,DSA_ac-main/Array/07_DSA_CPP_Pointers_Complete_Notes.md | DSA_ac-main/Array/06_DSA_Product_of_Array_Except_Self_LeetCode_238.md,03-Arrays,fundamentals,Arrays,L4 Medium,Tier B,03-Arrays/mistake-6.md,existing,NA,NA,NA,cpp,pending,2026-10-05
PR-0163,Pass by Value,DSA_ac-main/Array/07_DSA_CPP_Pointers_Complete_Notes.md,03-Arrays,fundamentals,Arrays,L4 Medium,Tier B,03-Arrays/pass-by-value.md,existing,NA,NA,NA,cpp,pending,2026-10-05
PR-0164,Pass by Pointer,DSA_ac-main/Array/07_DSA_CPP_Pointers_Complete_Notes.md,03-Arrays,fundamentals,Arrays,L4 Medium,Tier B,03-Arrays/pass-by-pointer.md,existing,NA,NA,NA,cpp,pending,2026-10-05
PR-0165,Stack / Automatic Storage,DSA_ac-main/Array/07_DSA_CPP_Pointers_Complete_Notes.md,03-Arrays,fundamentals,Arrays,L4 Medium,Tier B,03-Arrays/stack-automatic-storage.md,existing,NA,NA,NA,cpp,pending,2026-10-05
PR-0166,Dynamic Storage,DSA_ac-main/Array/07_DSA_CPP_Pointers_Complete_Notes.md,03-Arrays,fundamentals,Arrays,L4 Medium,Tier B,03-Arrays/dynamic-storage.md,existing,NA,NA,NA,cpp,pending,2026-10-05
PR-0167,`*p++`,DSA_ac-main/Array/07_DSA_CPP_Pointers_Complete_Notes.md,03-Arrays,fundamentals,Arrays,L4 Medium,Tier B,03-Arrays/p.md,existing,NA,NA,NA,cpp,pending,2026-10-05
PR-0168,Program 1 — Print Value Through Pointer,DSA_ac-main/Array/07_DSA_CPP_Pointers_Complete_Notes.md,03-Arrays,fundamentals,Arrays,L4 Medium,Tier B,03-Arrays/program-1-print-value-through-pointer.md,existing,NA,NA,NA,cpp,pending,2026-10-05
PR-0169,Program 2 — Modify Through Pointer,DSA_ac-main/Array/07_DSA_CPP_Pointers_Complete_Notes.md,03-Arrays,fundamentals,Arrays,L4 Medium,Tier B,03-Arrays/program-2-modify-through-pointer.md,existing,NA,NA,NA,cpp,pending,2026-10-05
PR-0170,Program 3 — Pointer to Pointer,DSA_ac-main/Array/07_DSA_CPP_Pointers_Complete_Notes.md,03-Arrays,fundamentals,Arrays,L4 Medium,Tier B,03-Arrays/program-3-pointer-to-pointer.md,existing,NA,NA,NA,cpp,pending,2026-10-05
PR-0171,Program 4 — Array Traversal,DSA_ac-main/Array/07_DSA_CPP_Pointers_Complete_Notes.md,03-Arrays,fundamentals,Arrays,L4 Medium,Tier B,03-Arrays/program-4-array-traversal.md,existing,NA,NA,NA,cpp,pending,2026-10-05
PR-0172,Program 5 — Swap Using Pointers,DSA_ac-main/Array/07_DSA_CPP_Pointers_Complete_Notes.md,03-Arrays,fundamentals,Arrays,L4 Medium,Tier B,03-Arrays/program-5-swap-using-pointers.md,existing,NA,NA,NA,cpp,pending,2026-10-05
PR-0173,Complete Guide — Iterative + Recursive Binary Search,DSA_ac-main/Array/08_DSA_Binary_Search_Complete_Notes.md,05-Searching,binary-search,Binary Search,L4 Medium,Tier A,05-Searching/complete-guide-iterative-recursive-binary-search.md,existing,NA,NA,NA,cpp,pending,2026-10-05
PR-0174,Mistake 1 — Using an Unsorted Array,DSA_ac-main/Array/08_DSA_Binary_Search_Complete_Notes.md,05-Searching,binary-search,Binary Search,L4 Medium,Tier B,05-Searching/mistake-1-using-an-unsorted-array.md,existing,NA,NA,NA,cpp,pending,2026-10-05
PR-0175,Mistake 2 — Wrong Mid Formula,DSA_ac-main/Array/08_DSA_Binary_Search_Complete_Notes.md,05-Searching,binary-search,Binary Search,L4 Medium,Tier B,05-Searching/mistake-2-wrong-mid-formula.md,existing,NA,NA,NA,cpp,pending,2026-10-05
PR-0176,Mistake 3 — Wrong Direction,DSA_ac-main/Array/08_DSA_Binary_Search_Complete_Notes.md,05-Searching,binary-search,Binary Search,L4 Medium,Tier B,05-Searching/mistake-3-wrong-direction.md,existing,NA,NA,NA,cpp,pending,2026-10-05
PR-0177,Mistake 4 — Forgetting `+1`,DSA_ac-main/Array/08_DSA_Binary_Search_Complete_Notes.md,05-Searching,binary-search,Binary Search,L4 Medium,Tier B,05-Searching/mistake-4-forgetting-1.md,existing,NA,NA,NA,cpp,pending,2026-10-05
PR-0178,Mistake 5 — Forgetting `-1`,DSA_ac-main/Array/08_DSA_Binary_Search_Complete_Notes.md,05-Searching,binary-search,Binary Search,L4 Medium,Tier B,05-Searching/mistake-5-forgetting-1.md,existing,NA,NA,NA,cpp,pending,2026-10-05
PR-0179,Mistake 6 — Using `<` Instead of `<=`,DSA_ac-main/Array/08_DSA_Binary_Search_Complete_Notes.md,05-Searching,binary-search,Binary Search,L4 Medium,Tier B,05-Searching/mistake-6-using-instead-of.md,existing,NA,NA,NA,cpp,pending,2026-10-05
PR-0180,Mistake 7 — Missing Recursive Base Case,DSA_ac-main/Array/08_DSA_Binary_Search_Complete_Notes.md,05-Searching,binary-search,Binary Search,L4 Medium,Tier B,05-Searching/mistake-7-missing-recursive-base-case.md,existing,NA,NA,NA,cpp,pending,2026-10-05
PR-0181,Standard Ascending Search,DSA_ac-main/Array/08_DSA_Binary_Search_Complete_Notes.md,05-Searching,binary-search,Binary Search,L4 Medium,Tier B,05-Searching/standard-ascending-search.md,existing,NA,NA,NA,cpp,pending,2026-10-05
PR-0182,Iterative,DSA_ac-main/Array/08_DSA_Binary_Search_Complete_Notes.md,05-Searching,binary-search,Binary Search,L4 Medium,Tier B,05-Searching/iterative.md,existing,NA,NA,NA,cpp,pending,2026-10-05
PR-0183,Recursive,DSA_ac-main/Array/08_DSA_Binary_Search_Complete_Notes.md,05-Searching,binary-search,Binary Search,L4 Medium,Tier B,05-Searching/recursive.md,existing,NA,NA,NA,cpp,pending,2026-10-05
PR-0184,Empty Array,DSA_ac-main/Array/08_DSA_Binary_Search_Complete_Notes.md,05-Searching,binary-search,Binary Search,L4 Medium,Tier B,05-Searching/empty-array.md,existing,NA,NA,NA,cpp,pending,2026-10-05
PR-0185,One Element — Target Exists,DSA_ac-main/Array/08_DSA_Binary_Search_Complete_Notes.md,05-Searching,binary-search,Binary Search,L4 Medium,Tier B,05-Searching/one-element-target-exists.md,existing,NA,NA,NA,cpp,pending,2026-10-05
PR-0186,One Element — Target Missing,DSA_ac-main/Array/08_DSA_Binary_Search_Complete_Notes.md,05-Searching,binary-search,Binary Search,L4 Medium,Tier B,05-Searching/one-element-target-missing.md,existing,NA,NA,NA,cpp,pending,2026-10-05
PR-0187,Target Smaller Than Everything,DSA_ac-main/Array/08_DSA_Binary_Search_Complete_Notes.md,05-Searching,binary-search,Binary Search,L4 Medium,Tier B,05-Searching/target-smaller-than-everything.md,existing,NA,NA,NA,cpp,pending,2026-10-05
PR-0188,Target Greater Than Everything,DSA_ac-main/Array/08_DSA_Binary_Search_Complete_Notes.md,05-Searching,binary-search,Binary Search,L4 Medium,Tier B,05-Searching/target-greater-than-everything.md,existing,NA,NA,NA,cpp,pending,2026-10-05
PR-0189,Type Casting in C++,DSA_final-main/01_Basics_Of_Cpp/02_Type_Casting.md,03-Arrays,fundamentals,Arrays,L4 Medium,Tier B,03-Arrays/type-casting-in-c.md,existing,NA,NA,NA,cpp,pending,2026-10-05
PR-0190,Operators in C++,DSA_final-main/01_Basics_Of_Cpp/03_Operators.md,03-Arrays,fundamentals,Arrays,L4 Medium,Tier B,03-Arrays/operators-in-c.md,existing,NA,NA,NA,cpp,pending,2026-10-05
PR-0191,1️⃣ if Statement,DSA_final-main/01_Basics_Of_Cpp/04_Conditional.md,03-Arrays,fundamentals,Arrays,L4 Medium,Tier B,03-Arrays/1-if-statement.md,existing,NA,NA,NA,cpp,pending,2026-10-05
PR-0192,2️⃣ if-else Statement,DSA_final-main/01_Basics_Of_Cpp/04_Conditional.md,03-Arrays,fundamentals,Arrays,L4 Medium,Tier B,03-Arrays/2-if-else-statement.md,existing,NA,NA,NA,cpp,pending,2026-10-05
PR-0193,3️⃣ else-if Ladder,DSA_final-main/01_Basics_Of_Cpp/04_Conditional.md,03-Arrays,fundamentals,Arrays,L4 Medium,Tier B,03-Arrays/3-else-if-ladder.md,existing,NA,NA,NA,cpp,pending,2026-10-05
PR-0194,4️⃣ Nested if Statement,DSA_final-main/01_Basics_Of_Cpp/04_Conditional.md,03-Arrays,fundamentals,Arrays,L4 Medium,Tier B,03-Arrays/4-nested-if-statement.md,existing,NA,NA,NA,cpp,pending,2026-10-05
PR-0195,5️⃣ Ternary Operator (?:),DSA_final-main/01_Basics_Of_Cpp/04_Conditional.md,03-Arrays,fundamentals,Arrays,L4 Medium,Tier B,03-Arrays/5-ternary-operator.md,existing,NA,NA,NA,cpp,pending,2026-10-05
PR-0196,6️⃣ switch-case Statement,DSA_final-main/01_Basics_Of_Cpp/04_Conditional.md,03-Arrays,fundamentals,Arrays,L4 Medium,Tier B,03-Arrays/6-switch-case-statement.md,existing,NA,NA,NA,cpp,pending,2026-10-05
PR-0197,Advanced: if with Initializer (C++17),DSA_final-main/01_Basics_Of_Cpp/04_Conditional.md,03-Arrays,fundamentals,Arrays,L4 Medium,Tier B,03-Arrays/advanced-if-with-initializer-c-17.md,existing,NA,NA,NA,cpp,pending,2026-10-05
PR-0198,Frequently Asked Interview Questions,DSA_final-main/01_Basics_Of_Cpp/04_Conditional.md,03-Arrays,fundamentals,Arrays,L4 Medium,Tier B,03-Arrays/frequently-asked-interview-questions.md,existing,NA,NA,NA,cpp,pending,2026-10-05
PR-0199,1️⃣ For Loop,DSA_final-main/01_Basics_Of_Cpp/05_loop.md,03-Arrays,fundamentals,Arrays,L4 Medium,Tier B,03-Arrays/1-for-loop.md,existing,NA,NA,NA,cpp,pending,2026-10-05
PR-0200,2️⃣ While Loop,DSA_final-main/01_Basics_Of_Cpp/05_loop.md,03-Arrays,fundamentals,Arrays,L4 Medium,Tier B,03-Arrays/2-while-loop.md,existing,NA,NA,NA,cpp,pending,2026-10-05
PR-0201,3️⃣ Do-While Loop,DSA_final-main/01_Basics_Of_Cpp/05_loop.md,03-Arrays,fundamentals,Arrays,L4 Medium,Tier B,03-Arrays/3-do-while-loop.md,existing,NA,NA,NA,cpp,pending,2026-10-05
PR-0202,4️⃣ Loop Control & Conditionals,DSA_final-main/01_Basics_Of_Cpp/05_loop.md,03-Arrays,fundamentals,Arrays,L4 Medium,Tier B,03-Arrays/4-loop-control-conditionals.md,existing,NA,NA,NA,cpp,pending,2026-10-05
PR-0203,5️⃣ Advanced Examples (Interview Questions),DSA_final-main/01_Basics_Of_Cpp/05_loop.md,03-Arrays,fundamentals,Arrays,L4 Medium,Tier B,03-Arrays/5-advanced-examples-interview-questions.md,existing,NA,NA,NA,cpp,pending,2026-10-05
PR-0204,Core Concept (The Real Shortcut),DSA_final-main/01_Basics_Of_Cpp/05_pattern.md,03-Arrays,fundamentals,Arrays,L4 Medium,Tier B,03-Arrays/core-concept-the-real-shortcut.md,existing,NA,NA,NA,cpp,pending,2026-10-05
PR-0205,1️⃣ Square Patterns,DSA_final-main/01_Basics_Of_Cpp/05_pattern.md,03-Arrays,fundamentals,Arrays,L4 Medium,Tier B,03-Arrays/1-square-patterns.md,existing,NA,NA,NA,cpp,pending,2026-10-05
PR-0206,2️⃣ Increasing Triangle Patterns,DSA_final-main/01_Basics_Of_Cpp/05_pattern.md,03-Arrays,fundamentals,Arrays,L4 Medium,Tier B,03-Arrays/2-increasing-triangle-patterns.md,existing,NA,NA,NA,cpp,pending,2026-10-05
PR-0207,3️⃣ Decreasing Triangle Patterns,DSA_final-main/01_Basics_Of_Cpp/05_pattern.md,03-Arrays,fundamentals,Arrays,L4 Medium,Tier B,03-Arrays/3-decreasing-triangle-patterns.md,existing,NA,NA,NA,cpp,pending,2026-10-05
PR-0208,4️⃣ Advanced & Conditional Patterns,DSA_final-main/01_Basics_Of_Cpp/05_pattern.md,03-Arrays,fundamentals,Arrays,L4 Medium,Tier B,03-Arrays/4-advanced-conditional-patterns.md,existing,NA,NA,NA,cpp,pending,2026-10-05
PR-0209,5️⃣ Mirrored & Space Patterns,DSA_final-main/01_Basics_Of_Cpp/05_pattern.md,03-Arrays,fundamentals,Arrays,L4 Medium,Tier B,03-Arrays/5-mirrored-space-patterns.md,existing,NA,NA,NA,cpp,pending,2026-10-05
PR-0210,6️⃣ Pyramid & Diamond Patterns,DSA_final-main/01_Basics_Of_Cpp/05_pattern.md,03-Arrays,fundamentals,Arrays,L4 Medium,Tier B,03-Arrays/6-pyramid-diamond-patterns.md,existing,NA,NA,NA,cpp,pending,2026-10-05
PR-0211,2️⃣ Basic Syntax,DSA_final-main/01_Basics_Of_Cpp/06__functions.md,03-Arrays,fundamentals,Arrays,L2 Easy,Tier B,03-Arrays/2-basic-syntax.md,existing,NA,NA,NA,cpp,pending,2026-10-05
PR-0212,3️⃣ Declaration vs Definition,DSA_final-main/01_Basics_Of_Cpp/06__functions.md,03-Arrays,fundamentals,Arrays,L4 Medium,Tier B,03-Arrays/3-declaration-vs-definition.md,existing,NA,NA,NA,cpp,pending,2026-10-05
PR-0213,4️⃣ Default Arguments,DSA_final-main/01_Basics_Of_Cpp/06__functions.md,03-Arrays,fundamentals,Arrays,L4 Medium,Tier B,03-Arrays/4-default-arguments.md,existing,NA,NA,NA,cpp,pending,2026-10-05
PR-0214,5️⃣ Using Conditional Statements in Functions,DSA_final-main/01_Basics_Of_Cpp/06__functions.md,03-Arrays,fundamentals,Arrays,L4 Medium,Tier B,03-Arrays/5-using-conditional-statements-in-functions.md,existing,NA,NA,NA,cpp,pending,2026-10-05
PR-0215,6️⃣ Pass by Value vs Pass by Reference,DSA_final-main/01_Basics_Of_Cpp/06__functions.md,03-Arrays,fundamentals,Arrays,L4 Medium,Tier B,03-Arrays/6-pass-by-value-vs-pass-by-reference.md,existing,NA,NA,NA,cpp,pending,2026-10-05
PR-0216,7️⃣ Function Overloading,DSA_final-main/01_Basics_Of_Cpp/06__functions.md,03-Arrays,fundamentals,Arrays,L4 Medium,Tier B,03-Arrays/7-function-overloading.md,existing,NA,NA,NA,cpp,pending,2026-10-05
PR-0217,8️⃣ Common Examples & Interview Questions,DSA_final-main/01_Basics_Of_Cpp/06__functions.md,03-Arrays,fundamentals,Arrays,L4 Medium,Tier B,03-Arrays/8-common-examples-interview-questions.md,existing,NA,NA,NA,cpp,pending,2026-10-05
PR-0218,9️⃣ Scope: Local vs Global,DSA_final-main/01_Basics_Of_Cpp/06__functions.md,03-Arrays,fundamentals,Arrays,L4 Medium,Tier B,03-Arrays/9-scope-local-vs-global.md,existing,NA,NA,NA,cpp,pending,2026-10-05
PR-0219,4️⃣ Conversions,DSA_final-main/01_Basics_Of_Cpp/07_BinaryNumber_system.md,03-Arrays,fundamentals,Arrays,L4 Medium,Tier B,03-Arrays/4-conversions.md,existing,NA,NA,NA,cpp,pending,2026-10-05
PR-0220,7️⃣ Important Binary Tricks  (Interview Favorites),DSA_final-main/01_Basics_Of_Cpp/07_BinaryNumber_system.md,03-Arrays,fundamentals,Arrays,L4 Medium,Tier B,03-Arrays/7-important-binary-tricks-interview-favorites.md,existing,NA,NA,NA,cpp,pending,2026-10-05
PR-0221,9️⃣ Concepts Students Usually Forget,DSA_final-main/01_Basics_Of_Cpp/07_BinaryNumber_system.md,03-Arrays,fundamentals,Arrays,L4 Medium,Tier B,03-Arrays/9-concepts-students-usually-forget.md,existing,NA,NA,NA,cpp,pending,2026-10-05
PR-0222,1️⃣ What is a Pointer? (Core Idea),DSA_final-main/01_Basics_Of_Cpp/08_pointers.md,03-Arrays,fundamentals,Arrays,L4 Medium,Tier B,03-Arrays/1-what-is-a-pointer-core-idea.md,existing,NA,NA,NA,cpp,pending,2026-10-05
PR-0223,3️⃣ Address-of Operator (`&`),DSA_final-main/01_Basics_Of_Cpp/08_pointers.md,03-Arrays,fundamentals,Arrays,L4 Medium,Tier B,03-Arrays/3-address-of-operator.md,existing,NA,NA,NA,cpp,pending,2026-10-05
PR-0224,4️⃣ Dereference Operator (`*`),DSA_final-main/01_Basics_Of_Cpp/08_pointers.md,03-Arrays,fundamentals,Arrays,L4 Medium,Tier B,03-Arrays/4-dereference-operator.md,existing,NA,NA,NA,cpp,pending,2026-10-05
PR-0225,5️⃣ Pointer Declaration Rules (EXAM GOLD),DSA_final-main/01_Basics_Of_Cpp/08_pointers.md,03-Arrays,fundamentals,Arrays,L4 Medium,Tier B,03-Arrays/5-pointer-declaration-rules-exam-gold.md,existing,NA,NA,NA,cpp,pending,2026-10-05
PR-0226,6️⃣ Null Pointer,DSA_final-main/01_Basics_Of_Cpp/08_pointers.md,03-Arrays,fundamentals,Arrays,L4 Medium,Tier B,03-Arrays/6-null-pointer.md,existing,NA,NA,NA,cpp,pending,2026-10-05
PR-0227,7️⃣ Garbage Pointer (Wild Pointer),DSA_final-main/01_Basics_Of_Cpp/08_pointers.md,03-Arrays,fundamentals,Arrays,L4 Medium,Tier B,03-Arrays/7-garbage-pointer-wild-pointer.md,existing,NA,NA,NA,cpp,pending,2026-10-05
PR-0228,8️⃣ Pointer Assignment & Value Change,DSA_final-main/01_Basics_Of_Cpp/08_pointers.md,03-Arrays,fundamentals,Arrays,L4 Medium,Tier B,03-Arrays/8-pointer-assignment-value-change.md,existing,NA,NA,NA,cpp,pending,2026-10-05
PR-0229,9️⃣ Pointer to Pointer (`**`),DSA_final-main/01_Basics_Of_Cpp/08_pointers.md,03-Arrays,fundamentals,Arrays,L4 Medium,Tier B,03-Arrays/9-pointer-to-pointer.md,existing,NA,NA,NA,cpp,pending,2026-10-05
PR-0230,Pointer Arithmetic (VERY IMPORTANT),DSA_final-main/01_Basics_Of_Cpp/08_pointers.md,03-Arrays,fundamentals,Arrays,L4 Medium,Tier B,03-Arrays/pointer-arithmetic-very-important.md,existing,NA,NA,NA,cpp,pending,2026-10-05
PR-0231,1️⃣1️⃣ Arrays & Pointers (MOST ASKED),DSA_final-main/01_Basics_Of_Cpp/08_pointers.md,03-Arrays,fundamentals,Arrays,L4 Medium,Tier B,03-Arrays/1-1-arrays-pointers-most-asked.md,existing,NA,NA,NA,cpp,pending,2026-10-05
PR-0232,1️⃣3️⃣ Call by Value vs Call by Address (using Pointers),DSA_final-main/01_Basics_Of_Cpp/08_pointers.md,03-Arrays,fundamentals,Arrays,L4 Medium,Tier B,03-Arrays/1-3-call-by-value-vs-call-by-address-using-pointers.md,existing,NA,NA,NA,cpp,pending,2026-10-05
PR-0233,1️⃣4️⃣ Pointers with Functions,DSA_final-main/01_Basics_Of_Cpp/08_pointers.md,03-Arrays,fundamentals,Arrays,L4 Medium,Tier B,03-Arrays/1-4-pointers-with-functions.md,existing,NA,NA,NA,cpp,pending,2026-10-05
PR-0234,1️⃣5️⃣ Dynamic Memory Allocation (`new` & `delete`),DSA_final-main/01_Basics_Of_Cpp/08_pointers.md,03-Arrays,fundamentals,Arrays,L4 Medium,Tier B,03-Arrays/1-5-dynamic-memory-allocation-new-delete.md,existing,NA,NA,NA,cpp,pending,2026-10-05
PR-0235,1️⃣6️⃣ Dangling Pointer (DANGEROUS),DSA_final-main/01_Basics_Of_Cpp/08_pointers.md,03-Arrays,fundamentals,Arrays,L4 Medium,Tier B,03-Arrays/1-6-dangling-pointer-dangerous.md,existing,NA,NA,NA,cpp,pending,2026-10-05
PR-0236,1️⃣7️⃣ `const` with Pointers (CONFUSING BUT IMPORTANT),DSA_final-main/01_Basics_Of_Cpp/08_pointers.md,03-Arrays,fundamentals,Arrays,L4 Medium,Tier B,03-Arrays/1-7-const-with-pointers-confusing-but-important.md,existing,NA,NA,NA,cpp,pending,2026-10-05
PR-0237,1️⃣8️⃣ Void Pointer (Generic Pointer),DSA_final-main/01_Basics_Of_Cpp/08_pointers.md,03-Arrays,fundamentals,Arrays,L4 Medium,Tier B,03-Arrays/1-8-void-pointer-generic-pointer.md,existing,NA,NA,NA,cpp,pending,2026-10-05
PR-0238,1️⃣9️⃣ Pointer Operator Precedence (TRICK),DSA_final-main/01_Basics_Of_Cpp/08_pointers.md,03-Arrays,fundamentals,Arrays,L4 Medium,Tier B,03-Arrays/1-9-pointer-operator-precedence-trick.md,existing,NA,NA,NA,cpp,pending,2026-10-05
PR-0239,3️⃣ Binary to Decimal Conversion,DSA_final-main/01_Basics_Of_Cpp/08_pointers.md,03-Arrays,fundamentals,Arrays,L4 Medium,Tier B,03-Arrays/3-binary-to-decimal-conversion.md,existing,NA,NA,NA,cpp,pending,2026-10-05
PR-0240,3️⃣ Basic Syntax,DSA_final-main/02_Arrays/01_basics.md,03-Arrays,fundamentals,Arrays,L2 Easy,Tier B,03-Arrays/3-basic-syntax.md,existing,NA,NA,NA,cpp,pending,2026-10-05
PR-0241,4️⃣ Array Initialization,DSA_final-main/02_Arrays/01_basics.md,03-Arrays,fundamentals,Arrays,L4 Medium,Tier B,03-Arrays/4-array-initialization.md,existing,NA,NA,NA,cpp,pending,2026-10-05
PR-0242,5️⃣ Accessing Array Elements,DSA_final-main/02_Arrays/01_basics.md,03-Arrays,fundamentals,Arrays,L4 Medium,Tier B,03-Arrays/5-accessing-array-elements.md,existing,NA,NA,NA,cpp,pending,2026-10-05
PR-0243,6️⃣ Types of Arrays in C++,DSA_final-main/02_Arrays/01_basics.md,03-Arrays,fundamentals,Arrays,L4 Medium,Tier B,03-Arrays/6-types-of-arrays-in-c.md,existing,NA,NA,NA,cpp,pending,2026-10-05
PR-0244,7️⃣ Traversing an Array,DSA_final-main/02_Arrays/01_basics.md,03-Arrays,fundamentals,Arrays,L4 Medium,Tier B,03-Arrays/7-traversing-an-array.md,existing,NA,NA,NA,cpp,pending,2026-10-05
PR-0245,9️⃣ `sizeof()` Operator with Arrays,DSA_final-main/02_Arrays/01_basics.md,03-Arrays,fundamentals,Arrays,L4 Medium,Tier B,03-Arrays/9-sizeof-operator-with-arrays.md,existing,NA,NA,NA,cpp,pending,2026-10-05
PR-0246,Understanding Out-of-Bounds Access (Undefined Behavior),DSA_final-main/02_Arrays/01_basics.md,03-Arrays,fundamentals,Arrays,L4 Medium,Tier B,03-Arrays/understanding-out-of-bounds-access-undefined-behavior.md,existing,NA,NA,NA,cpp,pending,2026-10-05
PR-0247,1️⃣1️⃣ Invalid Declarations & Best Practices,DSA_final-main/02_Arrays/01_basics.md,03-Arrays,fundamentals,Arrays,L4 Medium,Tier B,03-Arrays/1-1-invalid-declarations-best-practices.md,existing,NA,NA,NA,cpp,pending,2026-10-05
PR-0248,1️⃣2️⃣ Dynamic Sizing (C-style Arrays),DSA_final-main/02_Arrays/01_basics.md,03-Arrays,fundamentals,Arrays,L4 Medium,Tier B,03-Arrays/1-2-dynamic-sizing-c-style-arrays.md,existing,NA,NA,NA,cpp,pending,2026-10-05
PR-0249,2️⃣ Decimal Number System (Base-10),DSA_final-main/02_Arrays/01_basics.md,03-Arrays,fundamentals,Arrays,L4 Medium,Tier B,03-Arrays/2-decimal-number-system-base-10.md,existing,NA,NA,NA,cpp,pending,2026-10-05
PR-0250,1️⃣ Program to Find Sum of Array Elements,DSA_final-main/02_Arrays/01_basics.md,03-Arrays,fundamentals,Arrays,L4 Medium,Tier B,03-Arrays/1-program-to-find-sum-of-array-elements.md,existing,NA,NA,NA,cpp,pending,2026-10-05
PR-0251,2️⃣ Program to Find Maximum Element,DSA_final-main/02_Arrays/01_basics.md,03-Arrays,fundamentals,Arrays,L4 Medium,Tier B,03-Arrays/2-program-to-find-maximum-element.md,existing,NA,NA,NA,cpp,pending,2026-10-05
PR-0252,3️⃣ Program to Reverse an Array (In-Place),DSA_final-main/02_Arrays/01_basics.md,03-Arrays,fundamentals,Arrays,L4 Medium,Tier B,03-Arrays/3-program-to-reverse-an-array-in-place.md,existing,NA,NA,NA,cpp,pending,2026-10-05
PR-0253,2️⃣ Pass by Value (Copy),DSA_final-main/02_Arrays/02_PassedByValue_and_PassedByReference.md,03-Arrays,fundamentals,Arrays,L4 Medium,Tier B,03-Arrays/2-pass-by-value-copy.md,existing,NA,NA,NA,cpp,pending,2026-10-05
PR-0254,3️⃣ Pass by Reference (Original),DSA_final-main/02_Arrays/02_PassedByValue_and_PassedByReference.md,03-Arrays,fundamentals,Arrays,L4 Medium,Tier B,03-Arrays/3-pass-by-reference-original.md,existing,NA,NA,NA,cpp,pending,2026-10-05
PR-0255,4️⃣ Arrays and Pass by Reference Behavior,DSA_final-main/02_Arrays/02_PassedByValue_and_PassedByReference.md,03-Arrays,fundamentals,Arrays,L4 Medium,Tier B,03-Arrays/4-arrays-and-pass-by-reference-behavior.md,existing,NA,NA,NA,cpp,pending,2026-10-05
PR-0256,6️⃣ Common Mistakes & Pitfalls (Function Parameter Passing),DSA_final-main/02_Arrays/02_PassedByValue_and_PassedByReference.md,03-Arrays,fundamentals,Arrays,L4 Medium,Tier B,03-Arrays/6-common-mistakes-pitfalls-function-parameter-passing.md,existing,NA,NA,NA,cpp,pending,2026-10-05
PR-0257,7️⃣ Example Code Snippets,DSA_final-main/02_Arrays/02_PassedByValue_and_PassedByReference.md,03-Arrays,fundamentals,Arrays,L4 Medium,Tier B,03-Arrays/7-example-code-snippets.md,existing,NA,NA,NA,cpp,pending,2026-10-05
PR-0258,1️⃣ Array Name as a Constant Pointer,DSA_final-main/02_Arrays/04_Pointers_and_Arrays.md,03-Arrays,fundamentals,Arrays,L4 Medium,Tier B,03-Arrays/1-array-name-as-a-constant-pointer.md,existing,NA,NA,NA,cpp,pending,2026-10-05
PR-0259,3️⃣ Pointer Arithmetic,DSA_final-main/02_Arrays/04_Pointers_and_Arrays.md,03-Arrays,fundamentals,Arrays,L4 Medium,Tier B,03-Arrays/3-pointer-arithmetic.md,existing,NA,NA,NA,cpp,pending,2026-10-05
PR-0260,4️⃣ Accessing Array Elements with Pointers,DSA_final-main/02_Arrays/04_Pointers_and_Arrays.md,03-Arrays,fundamentals,Arrays,L4 Medium,Tier B,03-Arrays/4-accessing-array-elements-with-pointers.md,existing,NA,NA,NA,cpp,pending,2026-10-05
PR-0261,5️⃣ Passing Arrays to Functions,DSA_final-main/02_Arrays/04_Pointers_and_Arrays.md,03-Arrays,fundamentals,Arrays,L4 Medium,Tier B,03-Arrays/5-passing-arrays-to-functions.md,existing,NA,NA,NA,cpp,pending,2026-10-05
PR-0262,6️⃣ Key Takeaways,DSA_final-main/02_Arrays/04_Pointers_and_Arrays.md,03-Arrays,fundamentals,Arrays,L4 Medium,Tier B,03-Arrays/6-key-takeaways.md,existing,NA,NA,NA,cpp,pending,2026-10-05
PR-0263,1️⃣ Understanding Subarrays,DSA_final-main/02_Arrays/05_Subarrays_and_Kadanes_Algorithm.md,03-Arrays,fundamentals,Arrays,L4 Medium,Tier B,03-Arrays/1-understanding-subarrays.md,existing,NA,NA,NA,cpp,pending,2026-10-05
PR-0264,Optimizing Subarray Sum Calculation,DSA_final-main/02_Arrays/05_Subarrays_and_Kadanes_Algorithm.md,03-Arrays,fundamentals,Arrays,L4 Medium,Tier B,03-Arrays/optimizing-subarray-sum-calculation.md,existing,NA,NA,NA,cpp,pending,2026-10-05
PR-0265,Kadane's Algorithm: Finding Maximum Subarray Sum in O(n),DSA_final-main/02_Arrays/05_Subarrays_and_Kadanes_Algorithm.md,03-Arrays,fundamentals,Arrays,L4 Medium,Tier A,03-Arrays/kadane-s-algorithm-finding-maximum-subarray-sum-in-o-n.md,existing,NA,NA,NA,cpp,pending,2026-10-05
PR-0266,Complete Roadmap (ASCII Visualization),DSA_server-main/DSA-MasterCourse/ROADMAP.md,03-Arrays,fundamentals,Arrays,L4 Medium,Tier B,03-Arrays/complete-roadmap-ascii-visualization.md,existing,NA,NA,NA,cpp,pending,2026-10-05
PR-0267,Revision Schedule,DSA_server-main/DSA-MasterCourse/ROADMAP.md,03-Arrays,fundamentals,Arrays,L4 Medium,Tier B,03-Arrays/revision-schedule.md,existing,NA,NA,NA,cpp,pending,2026-10-05
PR-0268,Fast-Track Alternative (3 Months),DSA_server-main/DSA-MasterCourse/ROADMAP.md,03-Arrays,fundamentals,Arrays,L4 Medium,Tier B,03-Arrays/fast-track-alternative-3-months.md,existing,NA,NA,NA,cpp,pending,2026-10-05
PR-0269,Time Allocation Guide,DSA_server-main/DSA-MasterCourse/ROADMAP.md,03-Arrays,fundamentals,Arrays,L4 Medium,Tier B,03-Arrays/time-allocation-guide.md,existing,NA,NA,NA,cpp,pending,2026-10-05
PR-0270,Progress Tracker,DSA_server-main/DSA-MasterCourse/ROADMAP.md,03-Arrays,fundamentals,Arrays,L4 Medium,Tier B,03-Arrays/progress-tracker.md,existing,NA,NA,NA,cpp,pending,2026-10-05
PR-0271,Study Plan Overview,DSA_server-main/DSA-MasterCourse/STUDY_PLAN.md,03-Arrays,fundamentals,Arrays,L4 Medium,Tier B,03-Arrays/study-plan-overview.md,existing,NA,NA,NA,cpp,pending,2026-10-05
PR-0272,Weekly Progress Tracking,DSA_server-main/DSA-MasterCourse/STUDY_PLAN.md,03-Arrays,fundamentals,Arrays,L4 Medium,Tier B,03-Arrays/weekly-progress-tracking.md,existing,NA,NA,NA,cpp,pending,2026-10-05
PR-0273,Daily Study Routine,DSA_server-main/DSA-MasterCourse/STUDY_PLAN.md,03-Arrays,fundamentals,Arrays,L4 Medium,Tier B,03-Arrays/daily-study-routine.md,existing,NA,NA,NA,cpp,pending,2026-10-05
PR-0274,Section B: Code Output / Tracing (Medium),DSA_server-main/DSA-MasterCourse/00_Prerequisites/00_mcqs.md | DSA_server-main/DSA-MasterCourse/03_Strings/03_mcqs.md | DSA_server-main/DSA-MasterCourse/01_Complexity_Analysis/01_mcqs.md | DSA_server-main/DSA-MasterCourse/04_Recursion_and_Backtracking/04_mcqs.md,03-Arrays,fundamentals,Arrays,L4 Medium,Tier B,03-Arrays/section-b-code-output-tracing-medium.md,existing,NA,NA,NA,cpp,pending,2026-10-05
PR-0275,Section D: Competitive Programming Traps,DSA_server-main/DSA-MasterCourse/00_Prerequisites/00_mcqs.md | DSA_server-main/DSA-MasterCourse/01_Complexity_Analysis/01_mcqs.md,03-Arrays,fundamentals,Arrays,L4 Medium,Tier B,03-Arrays/section-d-competitive-programming-traps.md,existing,NA,NA,NA,cpp,pending,2026-10-05
PR-0276,Core Concepts & Terminology,DSA_server-main/DSA-MasterCourse/00_Prerequisites/00_notes.md | DSA_server-main/DSA-MasterCourse/01_Complexity_Analysis/01_notes.md | DSA_server-main/DSA-MasterCourse/06_Linked_List/06_notes.md | DSA_server-main/DSA-MasterCourse/04_Recursion_and_Backtracking/04_notes.md | DSA_server-main/DSA-MasterCourse/03_Strings/03_notes.md,03-Arrays,fundamentals,Arrays,L4 Medium,Tier B,03-Arrays/core-concepts-terminology.md,existing,NA,NA,NA,cpp,pending,2026-10-05
PR-0277,Visual Diagram: C++ Memory Layout,DSA_server-main/DSA-MasterCourse/00_Prerequisites/00_notes.md,03-Arrays,fundamentals,Arrays,L4 Medium,Tier B,03-Arrays/visual-diagram-c-memory-layout.md,existing,NA,NA,NA,cpp,pending,2026-10-05
PR-0278,Dry Run: Understanding Pointers,DSA_server-main/DSA-MasterCourse/00_Prerequisites/00_notes.md,03-Arrays,fundamentals,Arrays,L4 Medium,Tier B,03-Arrays/dry-run-understanding-pointers.md,existing,NA,NA,NA,cpp,pending,2026-10-05
PR-0279,Common Patterns & Tricks,DSA_server-main/DSA-MasterCourse/15_Dynamic_Programming/15_notes.md | DSA_server-main/DSA-MasterCourse/00_Prerequisites/00_notes.md | DSA_server-main/DSA-MasterCourse/01_Complexity_Analysis/01_notes.md | DSA_server-main/DSA-MasterCourse/06_Linked_List/06_notes.md | DSA_server-main/DSA-MasterCourse/07_Stack/07_notes.md | DSA_server-main/DSA-MasterCourse/04_Recursion_and_Backtracking/04_notes.md | DSA_server-main/DSA-MasterCourse/09_Hashing/09_notes.md | DSA_server-main/DSA-MasterCourse/05_Sorting_and_Searching/05_notes.md | DSA_server-main/DSA-MasterCourse/10_Trees/10_notes.md | DSA_server-main/DSA-MasterCourse/03_Strings/03_notes.md,03-Arrays,fundamentals,Arrays,L4 Medium,Tier B,03-Arrays/common-patterns-tricks.md,existing,NA,NA,NA,cpp,pending,2026-10-05
PR-0280,Solved Example Problems,DSA_server-main/DSA-MasterCourse/01_Complexity_Analysis/01_notes.md | DSA_server-main/DSA-MasterCourse/03_Strings/03_notes.md | DSA_server-main/DSA-MasterCourse/00_Prerequisites/00_notes.md,03-Arrays,fundamentals,Arrays,L4 Medium,Tier B,03-Arrays/solved-example-problems.md,existing,NA,NA,NA,cpp,pending,2026-10-05
PR-0281,Competitive Programming Section,DSA_server-main/DSA-MasterCourse/01_Complexity_Analysis/01_notes.md | DSA_server-main/DSA-MasterCourse/00_Prerequisites/00_notes.md,03-Arrays,fundamentals,Arrays,L4 Medium,Tier B,03-Arrays/competitive-programming-section.md,existing,NA,NA,NA,cpp,pending,2026-10-05
PR-0282,Section A: Concept-Based (Beginner),DSA_server-main/DSA-MasterCourse/03_Strings/03_mcqs.md | DSA_server-main/DSA-MasterCourse/01_Complexity_Analysis/01_mcqs.md | DSA_server-main/DSA-MasterCourse/05_Sorting_and_Searching/05_mcqs.md,03-Arrays,fundamentals,Arrays,L4 Medium,Tier B,03-Arrays/section-a-concept-based-beginner.md,existing,NA,NA,NA,cpp,pending,2026-10-05
PR-0283,Why Do We Need Complexity Analysis?,DSA_server-main/DSA-MasterCourse/01_Complexity_Analysis/01_notes.md,03-Arrays,fundamentals,Arrays,L4 Medium,Tier B,03-Arrays/why-do-we-need-complexity-analysis.md,existing,NA,NA,NA,cpp,pending,2026-10-05
PR-0284,Visual Diagram: Complexity Comparison,DSA_server-main/DSA-MasterCourse/01_Complexity_Analysis/01_notes.md,03-Arrays,fundamentals,Arrays,L4 Medium,Tier B,03-Arrays/visual-diagram-complexity-comparison.md,existing,NA,NA,NA,cpp,pending,2026-10-05
PR-0285,C++ Implementation: Analyzing Code Examples,DSA_server-main/DSA-MasterCourse/01_Complexity_Analysis/01_notes.md,03-Arrays,fundamentals,Arrays,L4 Medium,Tier B,03-Arrays/c-implementation-analyzing-code-examples.md,existing,NA,NA,NA,cpp,pending,2026-10-05
PR-0286,Dry Run: Analyzing Complex Code,DSA_server-main/DSA-MasterCourse/01_Complexity_Analysis/01_notes.md,03-Arrays,fundamentals,Arrays,L4 Medium,Tier B,03-Arrays/dry-run-analyzing-complex-code.md,existing,NA,NA,NA,cpp,pending,2026-10-05
PR-0287,ARRAY FUNDAMENTALS,DSA_server-main/DSA-MasterCourse/02_Arrays/ARRAY_MASTER_NOTES.md,03-Arrays,fundamentals,Arrays,L4 Medium,Tier B,03-Arrays/array-fundamentals.md,existing,NA,NA,NA,cpp,pending,2026-10-05
PR-0288,ESSENTIAL ARRAY PATTERNS,DSA_server-main/DSA-MasterCourse/02_Arrays/ARRAY_MASTER_NOTES.md,03-Arrays,fundamentals,Arrays,L4 Medium,Tier B,03-Arrays/essential-array-patterns.md,existing,NA,NA,NA,cpp,pending,2026-10-05
PR-0289,PROBLEM-SOLVING FRAMEWORK,DSA_server-main/DSA-MasterCourse/02_Arrays/ARRAY_MASTER_NOTES.md,03-Arrays,fundamentals,Arrays,L4 Medium,Tier B,03-Arrays/problem-solving-framework.md,existing,NA,NA,NA,cpp,pending,2026-10-05
PR-0290,COMPLETE PROBLEM SOLUTIONS,DSA_server-main/DSA-MasterCourse/02_Arrays/ARRAY_MASTER_NOTES.md,03-Arrays,fundamentals,Arrays,L4 Medium,Tier B,03-Arrays/complete-problem-solutions.md,existing,NA,NA,NA,cpp,pending,2026-10-05
PR-0291,QUICK REFERENCE TEMPLATES,DSA_server-main/DSA-MasterCourse/02_Arrays/ARRAY_MASTER_NOTES.md,03-Arrays,fundamentals,Arrays,L4 Medium,Tier B,03-Arrays/quick-reference-templates.md,existing,NA,NA,NA,cpp,pending,2026-10-05
PR-0292,FINAL CHECKLIST,DSA_server-main/DSA-MasterCourse/02_Arrays/ARRAY_MASTER_NOTES.md,03-Arrays,fundamentals,Arrays,L4 Medium,Tier B,03-Arrays/final-checklist.md,existing,NA,NA,NA,cpp,pending,2026-10-05
PR-0293,Changes Made,DSA_server-main/DSA-MasterCourse/02_Arrays/REORGANIZATION_COMPLETE.md,03-Arrays,fundamentals,Arrays,L4 Medium,Tier B,03-Arrays/changes-made.md,existing,NA,NA,NA,cpp,pending,2026-10-05
PR-0294,Final Structure,DSA_server-main/DSA-MasterCourse/02_Arrays/REORGANIZATION_COMPLETE.md,03-Arrays,fundamentals,Arrays,L4 Medium,Tier B,03-Arrays/final-structure.md,existing,NA,NA,NA,cpp,pending,2026-10-05
PR-0295,Real-World Analogies,DSA_server-main/DSA-MasterCourse/02_Arrays/00_Fundamentals/01_Array_Basics.md,03-Arrays,fundamentals,Arrays,L4 Medium,Tier B,03-Arrays/real-world-analogies.md,existing,NA,NA,NA,cpp,pending,2026-10-05
PR-0296,Visual Diagram: Memory Layout,DSA_server-main/DSA-MasterCourse/02_Arrays/00_Fundamentals/01_Array_Basics.md,03-Arrays,fundamentals,Arrays,L4 Medium,Tier B,03-Arrays/visual-diagram-memory-layout.md,existing,NA,NA,NA,cpp,pending,2026-10-05
PR-0297,Array Declaration in C++,DSA_server-main/DSA-MasterCourse/02_Arrays/00_Fundamentals/01_Array_Basics.md,03-Arrays,fundamentals,Arrays,L4 Medium,Tier B,03-Arrays/array-declaration-in-c.md,existing,NA,NA,NA,cpp,pending,2026-10-05
PR-0298,0-Based Indexing Explained,DSA_server-main/DSA-MasterCourse/02_Arrays/00_Fundamentals/01_Array_Basics.md,03-Arrays,fundamentals,Arrays,L4 Medium,Tier B,03-Arrays/0-based-indexing-explained.md,existing,NA,NA,NA,cpp,pending,2026-10-05
PR-0299,Basic Array Operations,DSA_server-main/DSA-MasterCourse/02_Arrays/00_Fundamentals/01_Array_Basics.md,03-Arrays,fundamentals,Arrays,L2 Easy,Tier B,03-Arrays/basic-array-operations.md,existing,NA,NA,NA,cpp,pending,2026-10-05
PR-0300,⚠️ Common Mistakes,DSA_server-main/DSA-MasterCourse/02_Arrays/01_Two_Pointer/Notes.md | DSA_server-main/DSA-MasterCourse/02_Arrays/05_Binary_Search/Notes.md | DSA_server-main/DSA-MasterCourse/02_Arrays/03_Prefix_Sum/Notes.md | DSA_server-main/DSA-MasterCourse/02_Arrays/00_Fundamentals/04_Vector_vs_Array.md | DSA_server-main/DSA-MasterCourse/02_Arrays/00_Fundamentals/01_Array_Basics.md | DSA_server-main/DSA-MasterCourse/02_Arrays/06_Vector/Notes.md | DSA_server-main/DSA-MasterCourse/02_Arrays/02_Sliding_Window/Notes.md | DSA_server-main/DSA-MasterCourse/02_Arrays/04_Kadane/Notes.md,03-Arrays,fundamentals,Arrays,L4 Medium,Tier B,03-Arrays/common-mistakes.md,existing,NA,NA,NA,cpp,pending,2026-10-05
PR-0301,Practice Examples,DSA_server-main/DSA-MasterCourse/02_Arrays/00_Fundamentals/01_Array_Basics.md,03-Arrays,fundamentals,Arrays,L4 Medium,Tier B,03-Arrays/practice-examples.md,existing,NA,NA,NA,cpp,pending,2026-10-05
PR-0302,What is Contiguous Memory?,DSA_server-main/DSA-MasterCourse/02_Arrays/00_Fundamentals/02_Memory_Model.md,03-Arrays,fundamentals,Arrays,L4 Medium,Tier B,03-Arrays/what-is-contiguous-memory.md,existing,NA,NA,NA,cpp,pending,2026-10-05
PR-0303,Visual Memory Layout,DSA_server-main/DSA-MasterCourse/02_Arrays/00_Fundamentals/02_Memory_Model.md,03-Arrays,fundamentals,Arrays,L4 Medium,Tier B,03-Arrays/visual-memory-layout.md,existing,NA,NA,NA,cpp,pending,2026-10-05
PR-0304,Pointer Arithmetic and Arrays,DSA_server-main/DSA-MasterCourse/02_Arrays/00_Fundamentals/02_Memory_Model.md,03-Arrays,fundamentals,Arrays,L4 Medium,Tier B,03-Arrays/pointer-arithmetic-and-arrays.md,existing,NA,NA,NA,cpp,pending,2026-10-05
PR-0305,Data Type Sizes in Memory,DSA_server-main/DSA-MasterCourse/02_Arrays/00_Fundamentals/02_Memory_Model.md,03-Arrays,fundamentals,Arrays,L4 Medium,Tier B,03-Arrays/data-type-sizes-in-memory.md,existing,NA,NA,NA,cpp,pending,2026-10-05
PR-0306,️ Stack vs Heap Allocation,DSA_server-main/DSA-MasterCourse/02_Arrays/00_Fundamentals/02_Memory_Model.md,03-Arrays,fundamentals,Arrays,L4 Medium,Tier B,03-Arrays/stack-vs-heap-allocation.md,existing,NA,NA,NA,cpp,pending,2026-10-05
PR-0307,Cache Locality — Why Arrays are Fast,DSA_server-main/DSA-MasterCourse/02_Arrays/00_Fundamentals/02_Memory_Model.md,03-Arrays,fundamentals,Arrays,L4 Medium,Tier B,03-Arrays/cache-locality-why-arrays-are-fast.md,existing,NA,NA,NA,cpp,pending,2026-10-05
PR-0308,2D Arrays in Memory (Row-Major Order),DSA_server-main/DSA-MasterCourse/02_Arrays/00_Fundamentals/02_Memory_Model.md,03-Arrays,fundamentals,Arrays,L4 Medium,Tier B,03-Arrays/2d-arrays-in-memory-row-major-order.md,existing,NA,NA,NA,cpp,pending,2026-10-05
PR-0309,⚠️ Common Memory Mistakes,DSA_server-main/DSA-MasterCourse/02_Arrays/00_Fundamentals/02_Memory_Model.md,03-Arrays,fundamentals,Arrays,L4 Medium,Tier B,03-Arrays/common-memory-mistakes.md,existing,NA,NA,NA,cpp,pending,2026-10-05
PR-0310,Memory Optimization Tips,DSA_server-main/DSA-MasterCourse/02_Arrays/00_Fundamentals/02_Memory_Model.md,03-Arrays,fundamentals,Arrays,L4 Medium,Tier B,03-Arrays/memory-optimization-tips.md,existing,NA,NA,NA,cpp,pending,2026-10-05
PR-0311,Practice: Visualize Memory,DSA_server-main/DSA-MasterCourse/02_Arrays/00_Fundamentals/02_Memory_Model.md,03-Arrays,fundamentals,Arrays,L4 Medium,Tier B,03-Arrays/practice-visualize-memory.md,existing,NA,NA,NA,cpp,pending,2026-10-05
PR-0312,Step-by-Step Complexity Calculation,DSA_server-main/DSA-MasterCourse/02_Arrays/00_Fundamentals/03_Operations_Complexity.md,03-Arrays,fundamentals,Arrays,L4 Medium,Tier B,03-Arrays/step-by-step-complexity-calculation.md,existing,NA,NA,NA,cpp,pending,2026-10-05
PR-0313,Optimization Tips,DSA_server-main/DSA-MasterCourse/02_Arrays/00_Fundamentals/03_Operations_Complexity.md,03-Arrays,fundamentals,Arrays,L4 Medium,Tier B,03-Arrays/optimization-tips.md,existing,NA,NA,NA,cpp,pending,2026-10-05
PR-0314,Decision Tree,DSA_server-main/DSA-MasterCourse/02_Arrays/00_Fundamentals/04_Vector_vs_Array.md,03-Arrays,fundamentals,Arrays,L4 Medium,Tier B,03-Arrays/decision-tree.md,existing,NA,NA,NA,cpp,pending,2026-10-05
PR-0315,When to Use Static Arrays,DSA_server-main/DSA-MasterCourse/02_Arrays/00_Fundamentals/04_Vector_vs_Array.md,03-Arrays,fundamentals,Arrays,L4 Medium,Tier B,03-Arrays/when-to-use-static-arrays.md,existing,NA,NA,NA,cpp,pending,2026-10-05
PR-0316,When to Use Vectors,DSA_server-main/DSA-MasterCourse/02_Arrays/00_Fundamentals/04_Vector_vs_Array.md,03-Arrays,fundamentals,Arrays,L4 Medium,Tier B,03-Arrays/when-to-use-vectors.md,existing,NA,NA,NA,cpp,pending,2026-10-05
PR-0317,Performance Comparison,DSA_server-main/DSA-MasterCourse/02_Arrays/00_Fundamentals/04_Vector_vs_Array.md,03-Arrays,fundamentals,Arrays,L4 Medium,Tier B,03-Arrays/performance-comparison.md,existing,NA,NA,NA,cpp,pending,2026-10-05
PR-0318,Migration: Array → Vector,DSA_server-main/DSA-MasterCourse/02_Arrays/00_Fundamentals/04_Vector_vs_Array.md,03-Arrays,fundamentals,Arrays,L4 Medium,Tier B,03-Arrays/migration-array-vector.md,existing,NA,NA,NA,cpp,pending,2026-10-05
PR-0319,Quick Reference,DSA_server-main/DSA-MasterCourse/02_Arrays/00_Fundamentals/04_Vector_vs_Array.md,03-Arrays,fundamentals,Arrays,L4 Medium,Tier B,03-Arrays/quick-reference.md,existing,NA,NA,NA,cpp,pending,2026-10-05
PR-0320,Largest Element in Array,DSA_server-main/DSA-MasterCourse/02_Arrays/00_Fundamentals/05_Easy_Problems.md,03-Arrays,fundamentals,Arrays,L4 Medium,Tier B,03-Arrays/largest-element-in-array.md,existing,https://www.geeksforgeeks.org/largest-element-in-array/,NA,NA,cpp,pending,2026-10-05
PR-0321,Second Largest Element,DSA_server-main/DSA-MasterCourse/02_Arrays/00_Fundamentals/05_Easy_Problems.md,03-Arrays,fundamentals,Arrays,L4 Medium,Tier B,03-Arrays/second-largest-element.md,existing,https://leetcode.com/problems/find-the-kth-largest-integer-in-the-array/,NA,NA,cpp,pending,2026-10-05
PR-0322,Check if Array is Sorted,DSA_server-main/DSA-MasterCourse/02_Arrays/00_Fundamentals/05_Easy_Problems.md,03-Arrays,fundamentals,Arrays,L4 Medium,Tier B,03-Arrays/check-if-array-is-sorted.md,existing,https://www.geeksforgeeks.org/check-if-an-array-is-sorted-or-not/,NA,NA,cpp,pending,2026-10-05
PR-0323,Remove Duplicates from Sorted Array,DSA_server-main/DSA-MasterCourse/02_Arrays/00_Fundamentals/05_Easy_Problems.md | DSA_server-main/DSA-MasterCourse/02_Arrays/01_Two_Pointer/Problems/Easy.md,03-Arrays,fundamentals,Arrays,L4 Medium,Tier B,03-Arrays/remove-duplicates-from-sorted-array.md,existing,https://www.geeksforgeeks.org/remove-duplicates-from-an-unsorted-array/,NA,NA,cpp,pending,2026-10-05
PR-0324,Left Rotate Array by One,DSA_server-main/DSA-MasterCourse/02_Arrays/00_Fundamentals/05_Easy_Problems.md,03-Arrays,fundamentals,Arrays,L4 Medium,Tier B,03-Arrays/left-rotate-array-by-one.md,existing,https://www.geeksforgeeks.org/left-rotate-array-by-one/,NA,NA,cpp,pending,2026-10-05
PR-0325,Left Rotate Array by K Places,DSA_server-main/DSA-MasterCourse/02_Arrays/00_Fundamentals/05_Easy_Problems.md,03-Arrays,fundamentals,Arrays,L4 Medium,Tier B,03-Arrays/left-rotate-array-by-k-places.md,existing,https://www.geeksforgeeks.org/array-rotation/,NA,NA,cpp,pending,2026-10-05
PR-0326,Move Zeros to End,DSA_server-main/DSA-MasterCourse/02_Arrays/00_Fundamentals/05_Easy_Problems.md,03-Arrays,fundamentals,Arrays,L4 Medium,Tier B,03-Arrays/move-zeros-to-end.md,existing,https://www.geeksforgeeks.org/move-zeroes-end-array/,NA,NA,cpp,pending,2026-10-05
PR-0327,Linear Search,DSA_server-main/DSA-MasterCourse/02_Arrays/00_Fundamentals/05_Easy_Problems.md,03-Arrays,fundamentals,Arrays,L4 Medium,Tier B,03-Arrays/linear-search.md,existing,https://www.geeksforgeeks.org/linear-search/,NA,NA,cpp,pending,2026-10-05
PR-0328,Union of Two Sorted Arrays,DSA_server-main/DSA-MasterCourse/02_Arrays/00_Fundamentals/05_Easy_Problems.md,03-Arrays,fundamentals,Arrays,L4 Medium,Tier B,03-Arrays/union-of-two-sorted-arrays.md,existing,https://www.geeksforgeeks.org/union-of-two-arrays/,NA,NA,cpp,pending,2026-10-05
PR-0329,Find Missing Number,DSA_server-main/DSA-MasterCourse/02_Arrays/00_Fundamentals/05_Easy_Problems.md,03-Arrays,fundamentals,Arrays,L4 Medium,Tier B,03-Arrays/find-missing-number.md,existing,https://leetcode.com/problems/missing-number/,NA,NA,cpp,pending,2026-10-05
PR-0330,Maximum Consecutive Ones,DSA_server-main/DSA-MasterCourse/02_Arrays/00_Fundamentals/05_Easy_Problems.md,03-Arrays,fundamentals,Arrays,L4 Medium,Tier B,03-Arrays/maximum-consecutive-ones.md,existing,https://leetcode.com/problems/max-consecutive-ones-ii/,NA,NA,cpp,pending,2026-10-05
PR-0331,Find the Number that Appears Once,DSA_server-main/DSA-MasterCourse/02_Arrays/00_Fundamentals/05_Easy_Problems.md,03-Arrays,fundamentals,Arrays,L4 Medium,Tier B,03-Arrays/find-the-number-that-appears-once.md,existing,https://leetcode.com/problems/single-number/,NA,NA,cpp,pending,2026-10-05
PR-0332,Longest Subarray with Sum K (Positives Only),DSA_server-main/DSA-MasterCourse/02_Arrays/00_Fundamentals/05_Easy_Problems.md,03-Arrays,fundamentals,Arrays,L4 Medium,Tier B,03-Arrays/longest-subarray-with-sum-k-positives-only.md,existing,https://www.geeksforgeeks.org/longest-sub-array-sum-k/,NA,NA,cpp,pending,2026-10-05
PR-0333,Longest Subarray with Sum K (Positives & Negatives),DSA_server-main/DSA-MasterCourse/02_Arrays/00_Fundamentals/05_Easy_Problems.md,03-Arrays,fundamentals,Arrays,L4 Medium,Tier B,03-Arrays/longest-subarray-with-sum-k-positives-negatives.md,existing,https://www.geeksforgeeks.org/longest-sub-array-sum-k/,NA,NA,cpp,pending,2026-10-05
PR-0334,Two Sum,DSA_server-main/DSA-MasterCourse/02_Arrays/00_Fundamentals/05_Easy_Problems.md,03-Arrays,fundamentals,Arrays,L4 Medium,Tier A,03-Arrays/two-sum.md,existing,https://www.interviewbit.com/problems/2-sum/,NA,NA,cpp,pending,2026-10-05
PR-0335,Mistake 1: Wrong Pointer Initialization,DSA_server-main/DSA-MasterCourse/02_Arrays/01_Two_Pointer/Mistakes.md,07-Two-Pointers,two-pointers,Two Pointers,L4 Medium,Tier B,07-Two-Pointers/mistake-1-wrong-pointer-initialization.md,existing,NA,NA,NA,cpp,pending,2026-10-05
PR-0336,Mistake 2: Wrong Loop Condition,DSA_server-main/DSA-MasterCourse/02_Arrays/01_Two_Pointer/Mistakes.md,07-Two-Pointers,two-pointers,Two Pointers,L4 Medium,Tier B,07-Two-Pointers/mistake-2-wrong-loop-condition.md,existing,NA,NA,NA,cpp,pending,2026-10-05
PR-0337,Mistake 3: Forgetting to Move Pointers,DSA_server-main/DSA-MasterCourse/02_Arrays/01_Two_Pointer/Mistakes.md,07-Two-Pointers,two-pointers,Two Pointers,L4 Medium,Tier B,07-Two-Pointers/mistake-3-forgetting-to-move-pointers.md,existing,NA,NA,NA,cpp,pending,2026-10-05
PR-0338,Mistake 4: Moving Both Pointers Unnecessarily,DSA_server-main/DSA-MasterCourse/02_Arrays/01_Two_Pointer/Mistakes.md,07-Two-Pointers,two-pointers,Two Pointers,L4 Medium,Tier B,07-Two-Pointers/mistake-4-moving-both-pointers-unnecessarily.md,existing,NA,NA,NA,cpp,pending,2026-10-05
PR-0339,Mistake 5: Not Handling Duplicates,DSA_server-main/DSA-MasterCourse/02_Arrays/01_Two_Pointer/Mistakes.md,07-Two-Pointers,two-pointers,Two Pointers,L4 Medium,Tier B,07-Two-Pointers/mistake-5-not-handling-duplicates.md,existing,NA,NA,NA,cpp,pending,2026-10-05
PR-0340,Mistake 6: Integer Overflow,DSA_server-main/DSA-MasterCourse/02_Arrays/01_Two_Pointer/Mistakes.md,07-Two-Pointers,two-pointers,Two Pointers,L4 Medium,Tier B,07-Two-Pointers/mistake-6-integer-overflow.md,existing,NA,NA,NA,cpp,pending,2026-10-05
PR-0341,Mistake 7: Not Sorting When Required,DSA_server-main/DSA-MasterCourse/02_Arrays/01_Two_Pointer/Mistakes.md,07-Two-Pointers,two-pointers,Two Pointers,L4 Medium,Tier B,07-Two-Pointers/mistake-7-not-sorting-when-required.md,existing,NA,NA,NA,cpp,pending,2026-10-05
PR-0342,Mistake 8: Off-by-One in Fast/Slow Pattern,DSA_server-main/DSA-MasterCourse/02_Arrays/01_Two_Pointer/Mistakes.md,07-Two-Pointers,two-pointers,Two Pointers,L4 Medium,Tier B,07-Two-Pointers/mistake-8-off-by-one-in-fast-slow-pattern.md,existing,NA,NA,NA,cpp,pending,2026-10-05
PR-0343,Mistake 9: Dutch Flag - Wrong Swap Logic,DSA_server-main/DSA-MasterCourse/02_Arrays/01_Two_Pointer/Mistakes.md,07-Two-Pointers,two-pointers,Two Pointers,L4 Medium,Tier B,07-Two-Pointers/mistake-9-dutch-flag-wrong-swap-logic.md,existing,NA,NA,NA,cpp,pending,2026-10-05
PR-0344,Mistake 10: Accessing Invalid Indices After Loop,DSA_server-main/DSA-MasterCourse/02_Arrays/01_Two_Pointer/Mistakes.md,07-Two-Pointers,two-pointers,Two Pointers,L4 Medium,Tier B,07-Two-Pointers/mistake-10-accessing-invalid-indices-after-loop.md,existing,NA,NA,NA,cpp,pending,2026-10-05
PR-0345,Visual Diagram,DSA_server-main/DSA-MasterCourse/02_Arrays/01_Two_Pointer/Notes.md | DSA_server-main/DSA-MasterCourse/02_Arrays/05_Binary_Search/Notes.md | DSA_server-main/DSA-MasterCourse/02_Arrays/03_Prefix_Sum/Notes.md | DSA_server-main/DSA-MasterCourse/02_Arrays/06_Vector/Notes.md | DSA_server-main/DSA-MasterCourse/02_Arrays/02_Sliding_Window/Notes.md | DSA_server-main/DSA-MasterCourse/02_Arrays/04_Kadane/Notes.md,07-Two-Pointers,two-pointers,Two Pointers,L4 Medium,Tier B,07-Two-Pointers/visual-diagram.md,existing,NA,NA,NA,cpp,pending,2026-10-05
PR-0346,Template Code,DSA_server-main/DSA-MasterCourse/02_Arrays/01_Two_Pointer/Notes.md | DSA_server-main/DSA-MasterCourse/02_Arrays/03_Prefix_Sum/Notes.md | DSA_server-main/DSA-MasterCourse/02_Arrays/06_Vector/Notes.md | DSA_server-main/DSA-MasterCourse/02_Arrays/02_Sliding_Window/Notes.md | DSA_server-main/DSA-MasterCourse/02_Arrays/04_Kadane/Notes.md,07-Two-Pointers,two-pointers,Two Pointers,L4 Medium,Tier B,07-Two-Pointers/template-code.md,existing,NA,NA,NA,cpp,pending,2026-10-05
PR-0347,Step-by-Step Example,DSA_server-main/DSA-MasterCourse/02_Arrays/01_Two_Pointer/Notes.md | DSA_server-main/DSA-MasterCourse/02_Arrays/05_Binary_Search/Notes.md | DSA_server-main/DSA-MasterCourse/02_Arrays/03_Prefix_Sum/Notes.md | DSA_server-main/DSA-MasterCourse/02_Arrays/06_Vector/Notes.md | DSA_server-main/DSA-MasterCourse/02_Arrays/02_Sliding_Window/Notes.md | DSA_server-main/DSA-MasterCourse/02_Arrays/04_Kadane/Notes.md,07-Two-Pointers,two-pointers,Two Pointers,L4 Medium,Tier B,07-Two-Pointers/step-by-step-example.md,existing,NA,NA,NA,cpp,pending,2026-10-05
PR-0348,Pattern Variations,DSA_server-main/DSA-MasterCourse/02_Arrays/04_Kadane/Patterns.md | DSA_server-main/DSA-MasterCourse/02_Arrays/01_Two_Pointer/Notes.md | DSA_server-main/DSA-MasterCourse/02_Arrays/03_Prefix_Sum/Patterns.md | DSA_server-main/DSA-MasterCourse/02_Arrays/03_Prefix_Sum/Notes.md | DSA_server-main/DSA-MasterCourse/02_Arrays/02_Sliding_Window/Patterns.md | DSA_server-main/DSA-MasterCourse/02_Arrays/06_Vector/Notes.md | DSA_server-main/DSA-MasterCourse/02_Arrays/01_Two_Pointer/Patterns.md | DSA_server-main/DSA-MasterCourse/02_Arrays/05_Binary_Search/Patterns.md | DSA_server-main/DSA-MasterCourse/02_Arrays/02_Sliding_Window/Notes.md | DSA_server-main/DSA-MasterCourse/02_Arrays/04_Kadane/Notes.md,07-Two-Pointers,two-pointers,Two Pointers,L4 Medium,Tier B,07-Two-Pointers/pattern-variations.md,existing,NA,NA,NA,cpp,pending,2026-10-05
PR-0349,Decision Flowchart,DSA_server-main/DSA-MasterCourse/02_Arrays/01_Two_Pointer/Patterns.md,07-Two-Pointers,two-pointers,Two Pointers,L4 Medium,Tier B,07-Two-Pointers/decision-flowchart.md,existing,NA,NA,NA,cpp,pending,2026-10-05
PR-0350,⚡ Quick Reference Cards,DSA_server-main/DSA-MasterCourse/02_Arrays/01_Two_Pointer/Patterns.md | DSA_server-main/DSA-MasterCourse/02_Arrays/02_Sliding_Window/Patterns.md | DSA_server-main/DSA-MasterCourse/02_Arrays/03_Prefix_Sum/Patterns.md,07-Two-Pointers,two-pointers,Two Pointers,L4 Medium,Tier B,07-Two-Pointers/quick-reference-cards.md,existing,NA,NA,NA,cpp,pending,2026-10-05
PR-0351,Valid Palindrome,DSA_server-main/DSA-MasterCourse/02_Arrays/01_Two_Pointer/Problems/Easy.md,07-Two-Pointers,two-pointers,Two Pointers,L2 Easy,Tier A,07-Two-Pointers/valid-palindrome.md,existing,https://leetcode.com/problems/valid-palindrome/,NA,NA,cpp,pending,2026-10-05
PR-0352,Two Sum II - Input Array Is Sorted,DSA_server-main/DSA-MasterCourse/02_Arrays/01_Two_Pointer/Problems/Easy.md,07-Two-Pointers,two-pointers,Two Pointers,L2 Easy,Tier A,07-Two-Pointers/two-sum-ii-input-array-is-sorted.md,existing,https://leetcode.com/problems/two-sum-ii-input-array-is-sorted/,NA,NA,cpp,pending,2026-10-05
PR-0353,Reverse String,DSA_server-main/DSA-MasterCourse/02_Arrays/01_Two_Pointer/Problems/Easy.md,07-Two-Pointers,two-pointers,Two Pointers,L2 Easy,Tier B,07-Two-Pointers/reverse-string.md,existing,https://leetcode.com/problems/reverse-string/,NA,NA,cpp,pending,2026-10-05
PR-0354,Move Zeroes,DSA_server-main/DSA-MasterCourse/02_Arrays/01_Two_Pointer/Problems/Easy.md,07-Two-Pointers,two-pointers,Two Pointers,L4 Medium,Tier B,07-Two-Pointers/move-zeroes.md,existing,https://leetcode.com/problems/move-zeroes/,NA,NA,cpp,pending,2026-10-05
PR-0355,Minimum Window Substring,DSA_server-main/DSA-MasterCourse/02_Arrays/02_Sliding_Window/Problems/Hard.md | DSA_server-main/DSA-MasterCourse/02_Arrays/01_Two_Pointer/Problems/Hard.md,07-Two-Pointers,two-pointers,Two Pointers,L4 Medium,Tier A,07-Two-Pointers/minimum-window-substring.md,existing,https://leetcode.com/problems/minimum-window-substring/,NA,NA,cpp,pending,2026-10-05
PR-0356,Sliding Window Maximum,DSA_server-main/DSA-MasterCourse/02_Arrays/02_Sliding_Window/Problems/Hard.md | DSA_server-main/DSA-MasterCourse/02_Arrays/01_Two_Pointer/Problems/Hard.md,07-Two-Pointers,two-pointers,Two Pointers,L5 Hard,Tier A,07-Two-Pointers/sliding-window-maximum.md,existing,https://leetcode.com/problems/sliding-window-maximum/,NA,NA,cpp,pending,2026-10-05
PR-0357,Median of Two Sorted Arrays,DSA_server-main/DSA-MasterCourse/02_Arrays/07_Hard_Problems/Complete_Solutions.md | DSA_server-main/DSA-MasterCourse/02_Arrays/01_Two_Pointer/Problems/Hard.md | DSA_server-main/DSA-MasterCourse/02_Arrays/05_Binary_Search/Problems/Hard.md,07-Two-Pointers,two-pointers,Two Pointers,L5 Hard,Tier B,07-Two-Pointers/median-of-two-sorted-arrays.md,existing,https://leetcode.com/problems/median-of-two-sorted-arrays/,NA,NA,cpp,pending,2026-10-05
PR-0358,Count of Range Sum,DSA_server-main/DSA-MasterCourse/02_Arrays/01_Two_Pointer/Problems/Hard.md,07-Two-Pointers,two-pointers,Two Pointers,L4 Medium,Tier B,07-Two-Pointers/count-of-range-sum.md,existing,https://leetcode.com/problems/count-of-range-sum/,NA,NA,cpp,pending,2026-10-05
PR-0359,Longest Consecutive Sequence,DSA_server-main/DSA-MasterCourse/02_Arrays/01_Two_Pointer/Problems/Hard.md | DSA_server-main/DSA-MasterCourse/02_Arrays/06_Medium_Problems/Complete_Solutions.md | DSA_server-main/DSA-MasterCourse/02_Arrays/06_Vector/Problems/Hard.md,07-Two-Pointers,two-pointers,Two Pointers,L4 Medium,Tier B,07-Two-Pointers/longest-consecutive-sequence.md,existing,https://leetcode.com/problems/longest-consecutive-sequence/,NA,NA,cpp,pending,2026-10-05
PR-0360,3Sum,DSA_server-main/DSA-MasterCourse/02_Arrays/07_Hard_Problems/Complete_Solutions.md | DSA_server-main/DSA-MasterCourse/02_Arrays/06_Vector/Problems/Medium.md | DSA_server-main/DSA-MasterCourse/02_Arrays/06_Vector/Problems/Easy_Medium_Hard.md | DSA_server-main/DSA-MasterCourse/02_Arrays/01_Two_Pointer/Problems/Medium.md,07-Two-Pointers,two-pointers,Two Pointers,L4 Medium,Tier A,07-Two-Pointers/3sum.md,existing,https://leetcode.com/problems/3sum/,NA,NA,cpp,pending,2026-10-05
PR-0361,Trapping Rain Water,DSA_server-main/DSA-MasterCourse/02_Arrays/06_Vector/Problems/Hard.md | DSA_server-main/DSA-MasterCourse/02_Arrays/06_Vector/Problems/Easy_Medium_Hard.md | DSA_server-main/DSA-MasterCourse/02_Arrays/01_Two_Pointer/Problems/Medium.md,07-Two-Pointers,two-pointers,Two Pointers,L5 Hard,Tier A,07-Two-Pointers/trapping-rain-water.md,existing,https://leetcode.com/problems/trapping-rain-water/,NA,NA,cpp,pending,2026-10-05
PR-0362,3Sum Closest,DSA_server-main/DSA-MasterCourse/02_Arrays/01_Two_Pointer/Problems/Medium.md,07-Two-Pointers,two-pointers,Two Pointers,L4 Medium,Tier A,07-Two-Pointers/3sum-closest.md,existing,https://leetcode.com/problems/3sum-closest/,NA,NA,cpp,pending,2026-10-05
PR-0363,Remove Nth Node From End of List,DSA_server-main/DSA-MasterCourse/02_Arrays/01_Two_Pointer/Problems/Medium.md,07-Two-Pointers,two-pointers,Two Pointers,L4 Medium,Tier B,07-Two-Pointers/remove-nth-node-from-end-of-list.md,existing,https://leetcode.com/problems/remove-nth-node-from-end-of-list/,NA,NA,cpp,pending,2026-10-05
PR-0364,Sort Colors,DSA_server-main/DSA-MasterCourse/02_Arrays/06_Vector/Problems/Medium.md | DSA_server-main/DSA-MasterCourse/02_Arrays/01_Two_Pointer/Problems/Medium.md,07-Two-Pointers,two-pointers,Two Pointers,L4 Medium,Tier B,07-Two-Pointers/sort-colors.md,existing,https://leetcode.com/problems/sort-colors/,NA,NA,cpp,pending,2026-10-05
PR-0365,Critical Mistakes,DSA_server-main/DSA-MasterCourse/02_Arrays/02_Sliding_Window/Mistakes.md | DSA_server-main/DSA-MasterCourse/02_Arrays/03_Prefix_Sum/Mistakes.md | DSA_server-main/DSA-MasterCourse/02_Arrays/06_Vector/Mistakes.md | DSA_server-main/DSA-MasterCourse/02_Arrays/04_Kadane/Mistakes.md | DSA_server-main/DSA-MasterCourse/02_Arrays/05_Binary_Search/Mistakes.md,08-Sliding-Window,sliding-window,Sliding Window,L4 Medium,Tier B,08-Sliding-Window/critical-mistakes.md,existing,NA,NA,NA,cpp,pending,2026-10-05
PR-0366,Cross-Pattern Combinations,DSA_server-main/DSA-MasterCourse/02_Arrays/02_Sliding_Window/Patterns.md | DSA_server-main/DSA-MasterCourse/02_Arrays/03_Prefix_Sum/Patterns.md,08-Sliding-Window,sliding-window,Sliding Window,L4 Medium,Tier B,08-Sliding-Window/cross-pattern-combinations.md,existing,NA,NA,NA,cpp,pending,2026-10-05
PR-0367,Pattern Decision Flowchart,DSA_server-main/DSA-MasterCourse/02_Arrays/02_Sliding_Window/Patterns.md | DSA_server-main/DSA-MasterCourse/02_Arrays/03_Prefix_Sum/Patterns.md,08-Sliding-Window,sliding-window,Sliding Window,L4 Medium,Tier B,08-Sliding-Window/pattern-decision-flowchart.md,existing,NA,NA,NA,cpp,pending,2026-10-05
PR-0368,Maximum Average Subarray I,DSA_server-main/DSA-MasterCourse/02_Arrays/02_Sliding_Window/Problems/Easy.md,08-Sliding-Window,sliding-window,Sliding Window,L4 Medium,Tier B,08-Sliding-Window/maximum-average-subarray-i.md,existing,https://leetcode.com/problems/maximum-average-subarray-i/,NA,NA,cpp,pending,2026-10-05
PR-0369,Maximum Sum Subarray of Size K,DSA_server-main/DSA-MasterCourse/02_Arrays/02_Sliding_Window/Problems/Easy.md,08-Sliding-Window,sliding-window,Sliding Window,L4 Medium,Tier B,08-Sliding-Window/maximum-sum-subarray-of-size-k.md,existing,https://practice.geeksforgeeks.org/problems/max-sum-subarray-of-size-k5313/1,NA,NA,cpp,pending,2026-10-05
PR-0370,First Negative Integer in Every Window of Size K,DSA_server-main/DSA-MasterCourse/02_Arrays/02_Sliding_Window/Problems/Easy.md,08-Sliding-Window,sliding-window,Sliding Window,L4 Medium,Tier B,08-Sliding-Window/first-negative-integer-in-every-window-of-size-k.md,existing,https://practice.geeksforgeeks.org/problems/first-negative-integer-in-every-window-of-size-k3345/1,NA,NA,cpp,pending,2026-10-05
PR-0371,Count Occurrences of Anagrams,DSA_server-main/DSA-MasterCourse/02_Arrays/02_Sliding_Window/Problems/Easy.md,08-Sliding-Window,sliding-window,Sliding Window,L4 Medium,Tier B,08-Sliding-Window/count-occurrences-of-anagrams.md,existing,https://practice.geeksforgeeks.org/problems/count-occurences-of-anagrams5839/1,NA,NA,cpp,pending,2026-10-05
PR-0372,Maximum Consecutive Ones III,DSA_server-main/DSA-MasterCourse/02_Arrays/02_Sliding_Window/Problems/Easy.md,08-Sliding-Window,sliding-window,Sliding Window,L4 Medium,Tier B,08-Sliding-Window/maximum-consecutive-ones-iii.md,existing,https://leetcode.com/problems/max-consecutive-ones-iii/,NA,NA,cpp,pending,2026-10-05
PR-0373,Subarrays with K Different Integers,DSA_server-main/DSA-MasterCourse/02_Arrays/02_Sliding_Window/Problems/Hard.md,08-Sliding-Window,sliding-window,Sliding Window,L4 Medium,Tier B,08-Sliding-Window/subarrays-with-k-different-integers.md,existing,https://leetcode.com/problems/subarrays-with-k-different-integers/,NA,NA,cpp,pending,2026-10-05
PR-0374,Longest Substring Without Repeating Characters,DSA_server-main/DSA-MasterCourse/02_Arrays/02_Sliding_Window/Problems/Medium.md,08-Sliding-Window,sliding-window,Sliding Window,L4 Medium,Tier A,08-Sliding-Window/longest-substring-without-repeating-characters.md,existing,https://leetcode.com/problems/longest-substring-without-repeating-characters/,NA,NA,cpp,pending,2026-10-05
PR-0375,Minimum Size Subarray Sum,DSA_server-main/DSA-MasterCourse/02_Arrays/02_Sliding_Window/Problems/Medium.md,08-Sliding-Window,sliding-window,Sliding Window,L4 Medium,Tier B,08-Sliding-Window/minimum-size-subarray-sum.md,existing,https://leetcode.com/problems/minimum-size-subarray-sum/,NA,NA,cpp,pending,2026-10-05
PR-0376,Find All Anagrams in a String,DSA_server-main/DSA-MasterCourse/02_Arrays/02_Sliding_Window/Problems/Medium.md,08-Sliding-Window,sliding-window,Sliding Window,L4 Medium,Tier B,08-Sliding-Window/find-all-anagrams-in-a-string.md,existing,https://leetcode.com/problems/find-all-anagrams-in-a-string/,NA,NA,cpp,pending,2026-10-05
PR-0377,Longest Repeating Character Replacement,DSA_server-main/DSA-MasterCourse/02_Arrays/02_Sliding_Window/Problems/Medium.md,08-Sliding-Window,sliding-window,Sliding Window,L4 Medium,Tier B,08-Sliding-Window/longest-repeating-character-replacement.md,existing,https://leetcode.com/problems/longest-repeating-character-replacement/,NA,NA,cpp,pending,2026-10-05
PR-0378,Permutation in String,DSA_server-main/DSA-MasterCourse/02_Arrays/02_Sliding_Window/Problems/Medium.md,08-Sliding-Window,sliding-window,Sliding Window,L4 Medium,Tier B,08-Sliding-Window/permutation-in-string.md,existing,https://leetcode.com/problems/permutation-in-string/,NA,NA,cpp,pending,2026-10-05
PR-0379,Range Sum Query - Immutable,DSA_server-main/DSA-MasterCourse/02_Arrays/03_Prefix_Sum/Problems/Easy_Medium.md,09-Prefix-Sum-and-Difference-Array,prefix-sum,Prefix Sum,L4 Medium,Tier B,09-Prefix-Sum-and-Difference-Array/range-sum-query-immutable.md,existing,https://leetcode.com/problems/range-sum-query-immutable/,NA,NA,cpp,pending,2026-10-05
PR-0380,Find Pivot Index,DSA_server-main/DSA-MasterCourse/02_Arrays/03_Prefix_Sum/Problems/Easy_Medium.md,09-Prefix-Sum-and-Difference-Array,prefix-sum,Prefix Sum,L4 Medium,Tier B,09-Prefix-Sum-and-Difference-Array/find-pivot-index.md,existing,https://leetcode.com/problems/find-pivot-index/,NA,NA,cpp,pending,2026-10-05
PR-0381,Subarray Sum Equals K,DSA_server-main/DSA-MasterCourse/02_Arrays/03_Prefix_Sum/Problems/Easy_Medium.md,09-Prefix-Sum-and-Difference-Array,prefix-sum,Prefix Sum,L4 Medium,Tier B,09-Prefix-Sum-and-Difference-Array/subarray-sum-equals-k.md,existing,https://leetcode.com/problems/subarray-sum-equals-k/,NA,NA,cpp,pending,2026-10-05
PR-0382,Contiguous Array,DSA_server-main/DSA-MasterCourse/02_Arrays/03_Prefix_Sum/Problems/Easy_Medium.md,09-Prefix-Sum-and-Difference-Array,prefix-sum,Prefix Sum,L4 Medium,Tier B,09-Prefix-Sum-and-Difference-Array/contiguous-array.md,existing,https://leetcode.com/problems/contiguous-array/,NA,NA,cpp,pending,2026-10-05
PR-0383,Product of Array Except Self,DSA_server-main/DSA-MasterCourse/02_Arrays/03_Prefix_Sum/Problems/Easy_Medium.md,09-Prefix-Sum-and-Difference-Array,prefix-sum,Prefix Sum,L4 Medium,Tier A,09-Prefix-Sum-and-Difference-Array/product-of-array-except-self.md,existing,https://leetcode.com/problems/product-of-array-except-self/,NA,NA,cpp,pending,2026-10-05
PR-0384,Subarray Sum Divisible by K,DSA_server-main/DSA-MasterCourse/02_Arrays/03_Prefix_Sum/Problems/Hard.md | DSA_server-main/DSA-MasterCourse/02_Arrays/04_Kadane/Problems/Medium_Hard.md,09-Prefix-Sum-and-Difference-Array,prefix-sum,Prefix Sum,L4 Medium,Tier B,09-Prefix-Sum-and-Difference-Array/subarray-sum-divisible-by-k.md,existing,https://leetcode.com/problems/subarray-sums-divisible-by-k/,NA,NA,cpp,pending,2026-10-05
PR-0385,Continuous Subarray Sum,DSA_server-main/DSA-MasterCourse/02_Arrays/03_Prefix_Sum/Problems/Hard.md,09-Prefix-Sum-and-Difference-Array,prefix-sum,Prefix Sum,L4 Medium,Tier B,09-Prefix-Sum-and-Difference-Array/continuous-subarray-sum.md,existing,https://leetcode.com/problems/continuous-subarray-sum/,NA,NA,cpp,pending,2026-10-05
PR-0386,Maximum Size Subarray Sum Equals K,DSA_server-main/DSA-MasterCourse/02_Arrays/03_Prefix_Sum/Problems/Hard.md,09-Prefix-Sum-and-Difference-Array,prefix-sum,Prefix Sum,L4 Medium,Tier B,09-Prefix-Sum-and-Difference-Array/maximum-size-subarray-sum-equals-k.md,existing,https://leetcode.com/problems/maximum-size-subarray-sum-equals-k/,NA,NA,cpp,pending,2026-10-05
PR-0387,Range Sum Query 2D - Immutable,DSA_server-main/DSA-MasterCourse/02_Arrays/03_Prefix_Sum/Problems/Hard.md,09-Prefix-Sum-and-Difference-Array,prefix-sum,Prefix Sum,L4 Medium,Tier B,09-Prefix-Sum-and-Difference-Array/range-sum-query-2d-immutable.md,existing,https://leetcode.com/problems/range-sum-query-2d-immutable/,NA,NA,cpp,pending,2026-10-05
PR-0388,Real-World Analogy,DSA_server-main/DSA-MasterCourse/02_Arrays/04_Kadane/Notes.md,03-Arrays,fundamentals,Arrays,L4 Medium,Tier B,03-Arrays/real-world-analogy.md,existing,NA,NA,NA,cpp,pending,2026-10-05
PR-0389,Maximum Product Subarray,DSA_server-main/DSA-MasterCourse/02_Arrays/07_Hard_Problems/Complete_Solutions.md | DSA_server-main/DSA-MasterCourse/02_Arrays/04_Kadane/Problems/Medium_Hard.md,03-Arrays,fundamentals,Arrays,L4 Medium,Tier B,03-Arrays/maximum-product-subarray.md,existing,https://leetcode.com/problems/maximum-product-subarray/,NA,NA,cpp,pending,2026-10-05
PR-0390,Maximum Sum Circular Subarray,DSA_server-main/DSA-MasterCourse/02_Arrays/04_Kadane/Problems/Medium_Hard.md,03-Arrays,fundamentals,Arrays,L4 Medium,Tier B,03-Arrays/maximum-sum-circular-subarray.md,existing,https://leetcode.com/problems/maximum-sum-circular-subarray/,NA,NA,cpp,pending,2026-10-05
PR-0391,Complete Template Collection,DSA_server-main/DSA-MasterCourse/02_Arrays/05_Binary_Search/Notes.md,05-Searching,binary-search,Binary Search,L4 Medium,Tier B,05-Searching/complete-template-collection.md,existing,NA,NA,NA,cpp,pending,2026-10-05
PR-0392,Pattern Variations with Complete Solutions,DSA_server-main/DSA-MasterCourse/02_Arrays/05_Binary_Search/Notes.md,05-Searching,binary-search,Binary Search,L4 Medium,Tier B,05-Searching/pattern-variations-with-complete-solutions.md,existing,NA,NA,NA,cpp,pending,2026-10-05
PR-0393,Complete Problem List (Striver-Style),DSA_server-main/DSA-MasterCourse/02_Arrays/05_Binary_Search/Notes.md,05-Searching,binary-search,Binary Search,L4 Medium,Tier B,05-Searching/complete-problem-list-striver-style.md,existing,NA,NA,NA,cpp,pending,2026-10-05
PR-0394,️ Binary Search Learning Roadmap (Striver-Style),DSA_server-main/DSA-MasterCourse/02_Arrays/05_Binary_Search/Notes.md,05-Searching,binary-search,Binary Search,L4 Medium,Tier A,05-Searching/binary-search-learning-roadmap-striver-style.md,existing,NA,NA,NA,cpp,pending,2026-10-05
PR-0395,Find Row with Maximum 1's,DSA_server-main/DSA-MasterCourse/02_Arrays/05_Binary_Search/Problems/2D_Arrays.md,05-Searching,binary-search,Binary Search,L4 Medium,Tier B,05-Searching/find-row-with-maximum-1-s.md,existing,https://www.geeksforgeeks.org/find-the-row-with-maximum-number-1s/,NA,NA,cpp,pending,2026-10-05
PR-0396,Search in a 2D Matrix,DSA_server-main/DSA-MasterCourse/02_Arrays/05_Binary_Search/Problems/2D_Arrays.md,05-Searching,binary-search,Binary Search,L4 Medium,Tier B,05-Searching/search-in-a-2d-matrix.md,existing,https://leetcode.com/problems/search-a-2d-matrix/,NA,NA,cpp,pending,2026-10-05
PR-0397,Search in a 2D Matrix - II,DSA_server-main/DSA-MasterCourse/02_Arrays/05_Binary_Search/Problems/2D_Arrays.md,05-Searching,binary-search,Binary Search,L4 Medium,Tier B,05-Searching/search-in-a-2d-matrix-ii.md,existing,https://leetcode.com/problems/search-a-2d-matrix-ii/,NA,NA,cpp,pending,2026-10-05
PR-0398,Find Peak Element - II,DSA_server-main/DSA-MasterCourse/02_Arrays/05_Binary_Search/Problems/2D_Arrays.md,05-Searching,binary-search,Binary Search,L4 Medium,Tier B,05-Searching/find-peak-element-ii.md,existing,https://leetcode.com/problems/find-a-peak-element-ii/,NA,NA,cpp,pending,2026-10-05
PR-0399,Matrix Median,DSA_server-main/DSA-MasterCourse/02_Arrays/05_Binary_Search/Problems/2D_Arrays.md,05-Searching,binary-search,Binary Search,L5 Hard,Tier B,05-Searching/matrix-median.md,existing,https://www.interviewbit.com/problems/matrix-median/,NA,NA,cpp,pending,2026-10-05
PR-0400,Binary Search (Classic),DSA_server-main/DSA-MasterCourse/02_Arrays/05_Binary_Search/Problems/Easy.md,05-Searching,binary-search,Binary Search,L4 Medium,Tier A,05-Searching/binary-search-classic.md,existing,https://leetcode.com/problems/binary-search/,NA,NA,cpp,pending,2026-10-05
PR-0401,Sqrt(x),DSA_server-main/DSA-MasterCourse/02_Arrays/05_Binary_Search/Problems/Easy.md,05-Searching,binary-search,Binary Search,L4 Medium,Tier B,05-Searching/sqrt-x.md,existing,https://leetcode.com/problems/sqrtx/,NA,NA,cpp,pending,2026-10-05
PR-0402,First Bad Version,DSA_server-main/DSA-MasterCourse/02_Arrays/05_Binary_Search/Problems/Easy.md,05-Searching,binary-search,Binary Search,L4 Medium,Tier B,05-Searching/first-bad-version.md,existing,https://leetcode.com/problems/first-bad-version/,NA,NA,cpp,pending,2026-10-05
PR-0403,Find Minimum in Rotated Sorted Array,DSA_server-main/DSA-MasterCourse/02_Arrays/05_Binary_Search/Problems/Medium.md | DSA_server-main/DSA-MasterCourse/02_Arrays/05_Binary_Search/Problems/Easy.md,05-Searching,binary-search,Binary Search,L4 Medium,Tier A,05-Searching/find-minimum-in-rotated-sorted-array.md,existing,https://leetcode.com/problems/find-minimum-in-rotated-sorted-array/,NA,NA,cpp,pending,2026-10-05
PR-0404,Search Insert Position,DSA_server-main/DSA-MasterCourse/02_Arrays/05_Binary_Search/Problems/Easy.md,05-Searching,binary-search,Binary Search,L4 Medium,Tier B,05-Searching/search-insert-position.md,existing,https://leetcode.com/problems/search-insert-position/,NA,NA,cpp,pending,2026-10-05
PR-0405,Lower Bound,DSA_server-main/DSA-MasterCourse/02_Arrays/05_Binary_Search/Problems/Easy.md,05-Searching,binary-search,Binary Search,L4 Medium,Tier B,05-Searching/lower-bound.md,existing,https://www.geeksforgeeks.org/lower-bound-in-cpp/,NA,NA,cpp,pending,2026-10-05
PR-0406,Upper Bound,DSA_server-main/DSA-MasterCourse/02_Arrays/05_Binary_Search/Problems/Easy.md,05-Searching,binary-search,Binary Search,L4 Medium,Tier B,05-Searching/upper-bound.md,existing,https://www.geeksforgeeks.org/upper-bound-in-cpp/,NA,NA,cpp,pending,2026-10-05
PR-0407,Floor and Ceil in Sorted Array,DSA_server-main/DSA-MasterCourse/02_Arrays/05_Binary_Search/Problems/Easy.md,05-Searching,binary-search,Binary Search,L4 Medium,Tier B,05-Searching/floor-and-ceil-in-sorted-array.md,existing,https://www.geeksforgeeks.org/ceil-in-a-sorted-array/,NA,NA,cpp,pending,2026-10-05
PR-0408,First and Last Occurrence,DSA_server-main/DSA-MasterCourse/02_Arrays/05_Binary_Search/Problems/Easy.md,05-Searching,binary-search,Binary Search,L4 Medium,Tier B,05-Searching/first-and-last-occurrence.md,existing,https://leetcode.com/problems/find-first-and-last-position-of-element-in-sorted-array/,NA,NA,cpp,pending,2026-10-05
PR-0409,Count Occurrences in Sorted Array,DSA_server-main/DSA-MasterCourse/02_Arrays/05_Binary_Search/Problems/Easy.md,05-Searching,binary-search,Binary Search,L4 Medium,Tier B,05-Searching/count-occurrences-in-sorted-array.md,existing,https://www.geeksforgeeks.org/count-occurrences-of-a-given-number-in-a-sorted-array/,NA,NA,cpp,pending,2026-10-05
PR-0410,Aggressive Cows,DSA_server-main/DSA-MasterCourse/02_Arrays/05_Binary_Search/Problems/Medium_Hard.md | DSA_server-main/DSA-MasterCourse/02_Arrays/05_Binary_Search/Problems/Hard.md,05-Searching,binary-search,Binary Search,L4 Medium,Tier B,05-Searching/aggressive-cows.md,existing,https://www.spoj.com/problems/AGGRCOW/,NA,NA,cpp,pending,2026-10-05
PR-0411,Koko Eating Bananas,DSA_server-main/DSA-MasterCourse/02_Arrays/05_Binary_Search/Problems/Medium.md | DSA_server-main/DSA-MasterCourse/02_Arrays/05_Binary_Search/Problems/Hard.md,05-Searching,binary-search,Binary Search,L4 Medium,Tier B,05-Searching/koko-eating-bananas.md,existing,https://leetcode.com/problems/koko-eating-bananas/,NA,NA,cpp,pending,2026-10-05
PR-0412,Minimum Days to Make M Bouquets,DSA_server-main/DSA-MasterCourse/02_Arrays/05_Binary_Search/Problems/Hard.md,05-Searching,binary-search,Binary Search,L4 Medium,Tier B,05-Searching/minimum-days-to-make-m-bouquets.md,existing,https://leetcode.com/problems/minimum-number-of-days-to-make-m-bouquets/,NA,NA,cpp,pending,2026-10-05
PR-0413,Find the Smallest Divisor,DSA_server-main/DSA-MasterCourse/02_Arrays/05_Binary_Search/Problems/Hard.md,05-Searching,binary-search,Binary Search,L4 Medium,Tier B,05-Searching/find-the-smallest-divisor.md,existing,https://leetcode.com/problems/find-the-smallest-divisor-given-a-threshold/,NA,NA,cpp,pending,2026-10-05
PR-0414,Capacity to Ship Packages Within D Days,DSA_server-main/DSA-MasterCourse/02_Arrays/05_Binary_Search/Problems/Hard.md,05-Searching,binary-search,Binary Search,L4 Medium,Tier B,05-Searching/capacity-to-ship-packages-within-d-days.md,existing,https://leetcode.com/problems/capacity-to-ship-packages-within-d-days/,NA,NA,cpp,pending,2026-10-05
PR-0415,Kth Missing Positive Number,DSA_server-main/DSA-MasterCourse/02_Arrays/05_Binary_Search/Problems/Hard.md,05-Searching,binary-search,Binary Search,L4 Medium,Tier B,05-Searching/kth-missing-positive-number.md,existing,https://leetcode.com/problems/kth-missing-positive-number/,NA,NA,cpp,pending,2026-10-05
PR-0416,Book Allocation Problem,DSA_server-main/DSA-MasterCourse/02_Arrays/05_Binary_Search/Problems/Hard.md,05-Searching,binary-search,Binary Search,L4 Medium,Tier B,05-Searching/book-allocation-problem.md,existing,https://www.geeksforgeeks.org/allocate-minimum-number-pages/,NA,NA,cpp,pending,2026-10-05
PR-0417,Split Array - Largest Sum,DSA_server-main/DSA-MasterCourse/02_Arrays/05_Binary_Search/Problems/Hard.md,05-Searching,binary-search,Binary Search,L4 Medium,Tier B,05-Searching/split-array-largest-sum.md,existing,https://leetcode.com/problems/split-array-largest-sum/,NA,NA,cpp,pending,2026-10-05
PR-0418,Painter's Partition,DSA_server-main/DSA-MasterCourse/02_Arrays/05_Binary_Search/Problems/Hard.md,05-Searching,binary-search,Binary Search,L4 Medium,Tier B,05-Searching/painter-s-partition.md,existing,https://www.geeksforgeeks.org/painter-partition-problem/,NA,NA,cpp,pending,2026-10-05
PR-0419,Minimize Max Distance to Gas Station,DSA_server-main/DSA-MasterCourse/02_Arrays/05_Binary_Search/Problems/Hard.md,05-Searching,binary-search,Binary Search,L4 Medium,Tier B,05-Searching/minimize-max-distance-to-gas-station.md,existing,https://leetcode.com/problems/minimize-max-distance-to-gas-station/,NA,NA,cpp,pending,2026-10-05
PR-0420,Kth Element of 2 Sorted Arrays,DSA_server-main/DSA-MasterCourse/02_Arrays/05_Binary_Search/Problems/Hard.md,05-Searching,binary-search,Binary Search,L4 Medium,Tier B,05-Searching/kth-element-of-2-sorted-arrays.md,existing,https://www.geeksforgeeks.org/k-th-element-two-sorted-arrays/,NA,NA,cpp,pending,2026-10-05
PR-0421,Key Takeaways,DSA_server-main/DSA-MasterCourse/02_Arrays/05_Binary_Search/Problems/Hard.md,05-Searching,binary-search,Binary Search,L4 Medium,Tier B,05-Searching/key-takeaways.md,existing,NA,NA,NA,cpp,pending,2026-10-05
PR-0422,Binary Search on Answer Template,DSA_server-main/DSA-MasterCourse/02_Arrays/05_Binary_Search/Problems/Hard.md,05-Searching,binary-search,Binary Search,L4 Medium,Tier A,05-Searching/binary-search-on-answer-template.md,existing,NA,NA,NA,cpp,pending,2026-10-05
PR-0423,Find First and Last Position of Element,DSA_server-main/DSA-MasterCourse/02_Arrays/05_Binary_Search/Problems/Medium_Hard.md | DSA_server-main/DSA-MasterCourse/02_Arrays/05_Binary_Search/Problems/Medium.md,05-Searching,binary-search,Binary Search,L4 Medium,Tier B,05-Searching/find-first-and-last-position-of-element.md,existing,https://leetcode.com/problems/find-first-and-last-position-of-element-in-sorted-array/,NA,NA,cpp,pending,2026-10-05
PR-0424,Search in Rotated Sorted Array,DSA_server-main/DSA-MasterCourse/02_Arrays/05_Binary_Search/Problems/Medium_Hard.md | DSA_server-main/DSA-MasterCourse/02_Arrays/05_Binary_Search/Problems/Medium.md,05-Searching,binary-search,Binary Search,L4 Medium,Tier A,05-Searching/search-in-rotated-sorted-array.md,existing,https://leetcode.com/problems/search-in-rotated-sorted-array/,NA,NA,cpp,pending,2026-10-05
PR-0425,Find Peak Element,DSA_server-main/DSA-MasterCourse/02_Arrays/05_Binary_Search/Problems/Medium.md,05-Searching,binary-search,Binary Search,L4 Medium,Tier B,05-Searching/find-peak-element.md,existing,https://leetcode.com/problems/find-peak-element/,NA,NA,cpp,pending,2026-10-05
PR-0426,Search a 2D Matrix,DSA_server-main/DSA-MasterCourse/02_Arrays/05_Binary_Search/Problems/Medium.md,05-Searching,binary-search,Binary Search,L4 Medium,Tier B,05-Searching/search-a-2d-matrix.md,existing,https://leetcode.com/problems/search-a-2d-matrix/,NA,NA,cpp,pending,2026-10-05
PR-0427,Search in Rotated Sorted Array-II (With Duplicates),DSA_server-main/DSA-MasterCourse/02_Arrays/05_Binary_Search/Problems/Medium.md,05-Searching,binary-search,Binary Search,L4 Medium,Tier A,05-Searching/search-in-rotated-sorted-array-ii-with-duplicates.md,existing,https://leetcode.com/problems/search-in-rotated-sorted-array-ii/,NA,NA,cpp,pending,2026-10-05
PR-0428,Find Out How Many Times Array is Rotated,DSA_server-main/DSA-MasterCourse/02_Arrays/05_Binary_Search/Problems/Medium.md,05-Searching,binary-search,Binary Search,L4 Medium,Tier B,05-Searching/find-out-how-many-times-array-is-rotated.md,existing,https://www.geeksforgeeks.org/find-rotation-count-rotated-sorted-array/,NA,NA,cpp,pending,2026-10-05
PR-0429,Single Element in a Sorted Array,DSA_server-main/DSA-MasterCourse/02_Arrays/05_Binary_Search/Problems/Medium.md,05-Searching,binary-search,Binary Search,L2 Easy,Tier B,05-Searching/single-element-in-a-sorted-array.md,existing,https://leetcode.com/problems/single-element-in-a-sorted-array/,NA,NA,cpp,pending,2026-10-05
PR-0430,Find Square Root of a Number,DSA_server-main/DSA-MasterCourse/02_Arrays/05_Binary_Search/Problems/Medium.md,05-Searching,binary-search,Binary Search,L4 Medium,Tier B,05-Searching/find-square-root-of-a-number.md,existing,https://leetcode.com/problems/sqrtx/,NA,NA,cpp,pending,2026-10-05
PR-0431,Find Nth Root of a Number,DSA_server-main/DSA-MasterCourse/02_Arrays/05_Binary_Search/Problems/Medium.md,05-Searching,binary-search,Binary Search,L4 Medium,Tier B,05-Searching/find-nth-root-of-a-number.md,existing,https://www.geeksforgeeks.org/find-root-of-a-number-using-newtons-method/,NA,NA,cpp,pending,2026-10-05
PR-0432,"Sort 0s, 1s, 2s (Dutch National Flag)",DSA_server-main/DSA-MasterCourse/02_Arrays/06_Medium_Problems/Complete_Solutions.md,03-Arrays,fundamentals,Arrays,L4 Medium,Tier B,03-Arrays/sort-0s-1s-2s-dutch-national-flag.md,existing,https://leetcode.com/problems/sort-colors/,NA,NA,cpp,pending,2026-10-05
PR-0433,Majority Element (> n/2 times),DSA_server-main/DSA-MasterCourse/02_Arrays/06_Medium_Problems/Complete_Solutions.md,03-Arrays,fundamentals,Arrays,L4 Medium,Tier B,03-Arrays/majority-element-n-2-times.md,existing,https://leetcode.com/problems/majority-element/,NA,NA,cpp,pending,2026-10-05
PR-0434,Maximum Subarray Sum (Kadane's Algorithm),DSA_server-main/DSA-MasterCourse/02_Arrays/06_Medium_Problems/Complete_Solutions.md,03-Arrays,fundamentals,Arrays,L4 Medium,Tier A,03-Arrays/maximum-subarray-sum-kadane-s-algorithm.md,existing,https://leetcode.com/problems/maximum-subarray/,NA,NA,cpp,pending,2026-10-05
PR-0435,Stock Buy and Sell,DSA_server-main/DSA-MasterCourse/02_Arrays/06_Medium_Problems/Complete_Solutions.md,03-Arrays,fundamentals,Arrays,L4 Medium,Tier B,03-Arrays/stock-buy-and-sell.md,existing,https://leetcode.com/problems/best-time-to-buy-and-sell-stock/,NA,NA,cpp,pending,2026-10-05
PR-0436,Rearrange Array by Sign,DSA_server-main/DSA-MasterCourse/02_Arrays/06_Medium_Problems/Complete_Solutions.md,03-Arrays,fundamentals,Arrays,L4 Medium,Tier B,03-Arrays/rearrange-array-by-sign.md,existing,https://leetcode.com/problems/rearrange-array-elements-by-sign/,NA,NA,cpp,pending,2026-10-05
PR-0437,Next Permutation,DSA_server-main/DSA-MasterCourse/02_Arrays/06_Medium_Problems/Complete_Solutions.md | DSA_server-main/DSA-MasterCourse/02_Arrays/06_Vector/Problems/Medium.md,03-Arrays,fundamentals,Arrays,L4 Medium,Tier B,03-Arrays/next-permutation.md,existing,https://leetcode.com/problems/next-permutation/,NA,NA,cpp,pending,2026-10-05
PR-0438,Leaders in Array,DSA_server-main/DSA-MasterCourse/02_Arrays/06_Medium_Problems/Complete_Solutions.md,03-Arrays,fundamentals,Arrays,L4 Medium,Tier B,03-Arrays/leaders-in-array.md,existing,https://www.geeksforgeeks.org/leaders-in-an-array/,NA,NA,cpp,pending,2026-10-05
PR-0439,Set Matrix Zeroes,DSA_server-main/DSA-MasterCourse/02_Arrays/06_Medium_Problems/Complete_Solutions.md,03-Arrays,fundamentals,Arrays,L4 Medium,Tier B,03-Arrays/set-matrix-zeroes.md,existing,https://leetcode.com/problems/set-matrix-zeroes/,NA,NA,cpp,pending,2026-10-05
PR-0440,Rotate Matrix 90°,DSA_server-main/DSA-MasterCourse/02_Arrays/06_Medium_Problems/Complete_Solutions.md,03-Arrays,fundamentals,Arrays,L4 Medium,Tier B,03-Arrays/rotate-matrix-90.md,existing,https://leetcode.com/problems/rotate-image/,NA,NA,cpp,pending,2026-10-05
PR-0441,Spiral Matrix Traversal,DSA_server-main/DSA-MasterCourse/02_Arrays/06_Medium_Problems/Complete_Solutions.md,03-Arrays,fundamentals,Arrays,L4 Medium,Tier B,03-Arrays/spiral-matrix-traversal.md,existing,https://leetcode.com/problems/spiral-matrix/,NA,NA,cpp,pending,2026-10-05
PR-0442,Pascal's Triangle,DSA_server-main/DSA-MasterCourse/02_Arrays/06_Medium_Problems/Complete_Solutions.md,03-Arrays,fundamentals,Arrays,L4 Medium,Tier B,03-Arrays/pascal-s-triangle.md,existing,https://leetcode.com/problems/pascals-triangle/,NA,NA,cpp,pending,2026-10-05
PR-0443,Majority Element II (> n/3 times),DSA_server-main/DSA-MasterCourse/02_Arrays/06_Medium_Problems/Complete_Solutions.md,03-Arrays,fundamentals,Arrays,L4 Medium,Tier B,03-Arrays/majority-element-ii-n-3-times.md,existing,https://leetcode.com/problems/majority-element-ii/,NA,NA,cpp,pending,2026-10-05
PR-0444,Merge Overlapping Intervals,DSA_server-main/DSA-MasterCourse/02_Arrays/06_Medium_Problems/Complete_Solutions.md,03-Arrays,fundamentals,Arrays,L4 Medium,Tier B,03-Arrays/merge-overlapping-intervals.md,existing,https://leetcode.com/problems/merge-intervals/,NA,NA,cpp,pending,2026-10-05
PR-0445,Count Subarrays with Sum K,DSA_server-main/DSA-MasterCourse/02_Arrays/06_Medium_Problems/Complete_Solutions.md,03-Arrays,fundamentals,Arrays,L4 Medium,Tier B,03-Arrays/count-subarrays-with-sum-k.md,existing,https://leetcode.com/problems/subarray-sum-equals-k/,NA,NA,cpp,pending,2026-10-05
PR-0446,Largest Subarray with Sum 0,DSA_server-main/DSA-MasterCourse/02_Arrays/06_Medium_Problems/Complete_Solutions.md,03-Arrays,fundamentals,Arrays,L4 Medium,Tier B,03-Arrays/largest-subarray-with-sum-0.md,existing,https://www.geeksforgeeks.org/find-the-largest-subarray-with-0-sum/,NA,NA,cpp,pending,2026-10-05
PR-0447,Pro Tips,DSA_server-main/DSA-MasterCourse/02_Arrays/06_Vector/Mistakes.md,03-Arrays,fundamentals,Arrays,L4 Medium,Tier B,03-Arrays/pro-tips.md,existing,NA,NA,NA,cpp,pending,2026-10-05
PR-0448,Essential Vector Operations,DSA_server-main/DSA-MasterCourse/02_Arrays/06_Vector/Patterns.md,03-Arrays,fundamentals,Arrays,L4 Medium,Tier B,03-Arrays/essential-vector-operations.md,existing,NA,NA,NA,cpp,pending,2026-10-05
PR-0449,Common Patterns,DSA_server-main/DSA-MasterCourse/02_Arrays/06_Vector/Patterns.md,03-Arrays,fundamentals,Arrays,L4 Medium,Tier B,03-Arrays/common-patterns.md,existing,NA,NA,NA,cpp,pending,2026-10-05
PR-0450,Running Sum of 1d Array,DSA_server-main/DSA-MasterCourse/02_Arrays/06_Vector/Problems/Easy_Medium_Hard.md | DSA_server-main/DSA-MasterCourse/02_Arrays/06_Vector/Problems/Easy.md,03-Arrays,fundamentals,Arrays,L4 Medium,Tier B,03-Arrays/running-sum-of-1d-array.md,existing,https://leetcode.com/problems/running-sum-of-1d-array/,NA,NA,cpp,pending,2026-10-05
PR-0451,Shuffle the Array,DSA_server-main/DSA-MasterCourse/02_Arrays/06_Vector/Problems/Easy_Medium_Hard.md | DSA_server-main/DSA-MasterCourse/02_Arrays/06_Vector/Problems/Easy.md,03-Arrays,fundamentals,Arrays,L4 Medium,Tier B,03-Arrays/shuffle-the-array.md,existing,https://leetcode.com/problems/shuffle-the-array/,NA,NA,cpp,pending,2026-10-05
PR-0452,Kids With the Greatest Number of Candies,DSA_server-main/DSA-MasterCourse/02_Arrays/06_Vector/Problems/Easy.md,03-Arrays,fundamentals,Arrays,L4 Medium,Tier B,03-Arrays/kids-with-the-greatest-number-of-candies.md,existing,https://leetcode.com/problems/kids-with-the-greatest-number-of-candies/,NA,NA,cpp,pending,2026-10-05
PR-0453,Build Array from Permutation,DSA_server-main/DSA-MasterCourse/02_Arrays/06_Vector/Problems/Easy.md,03-Arrays,fundamentals,Arrays,L4 Medium,Tier B,03-Arrays/build-array-from-permutation.md,existing,https://leetcode.com/problems/build-array-from-permutation/,NA,NA,cpp,pending,2026-10-05
PR-0454,Concatenation of Array,DSA_server-main/DSA-MasterCourse/02_Arrays/06_Vector/Problems/Easy.md,03-Arrays,fundamentals,Arrays,L4 Medium,Tier B,03-Arrays/concatenation-of-array.md,existing,https://leetcode.com/problems/concatenation-of-array/,NA,NA,cpp,pending,2026-10-05
PR-0455,Container With Most Water,DSA_server-main/DSA-MasterCourse/02_Arrays/06_Vector/Problems/Medium.md | DSA_server-main/DSA-MasterCourse/02_Arrays/06_Vector/Problems/Easy_Medium_Hard.md,03-Arrays,fundamentals,Arrays,L4 Medium,Tier A,03-Arrays/container-with-most-water.md,existing,https://leetcode.com/problems/container-with-most-water/,NA,NA,cpp,pending,2026-10-05
PR-0456,First Missing Positive,DSA_server-main/DSA-MasterCourse/02_Arrays/06_Vector/Problems/Hard.md | DSA_server-main/DSA-MasterCourse/02_Arrays/06_Vector/Problems/Easy_Medium_Hard.md,03-Arrays,fundamentals,Arrays,L4 Medium,Tier B,03-Arrays/first-missing-positive.md,existing,https://leetcode.com/problems/first-missing-positive/,NA,NA,cpp,pending,2026-10-05
PR-0457,Rotate Array,DSA_server-main/DSA-MasterCourse/02_Arrays/06_Vector/Problems/Medium.md,03-Arrays,fundamentals,Arrays,L4 Medium,Tier B,03-Arrays/rotate-array.md,existing,https://leetcode.com/problems/rotate-array/,NA,NA,cpp,pending,2026-10-05
PR-0458,Merge Two Sorted Arrays (No Extra Space),DSA_server-main/DSA-MasterCourse/02_Arrays/07_Hard_Problems/Complete_Solutions.md,03-Arrays,fundamentals,Arrays,L4 Medium,Tier B,03-Arrays/merge-two-sorted-arrays-no-extra-space.md,existing,https://leetcode.com/problems/merge-sorted-array/,NA,NA,cpp,pending,2026-10-05
PR-0459,Repeating and Missing Number,DSA_server-main/DSA-MasterCourse/02_Arrays/07_Hard_Problems/Complete_Solutions.md,03-Arrays,fundamentals,Arrays,L4 Medium,Tier B,03-Arrays/repeating-and-missing-number.md,existing,https://www.geeksforgeeks.org/find-a-repeating-and-a-missing-number/,NA,NA,cpp,pending,2026-10-05
PR-0460,Count Inversions,DSA_server-main/DSA-MasterCourse/02_Arrays/07_Hard_Problems/Complete_Solutions.md,03-Arrays,fundamentals,Arrays,L4 Medium,Tier B,03-Arrays/count-inversions.md,existing,https://www.geeksforgeeks.org/counting-inversions/,NA,NA,cpp,pending,2026-10-05
PR-0461,Reverse Pairs,DSA_server-main/DSA-MasterCourse/02_Arrays/07_Hard_Problems/Complete_Solutions.md,03-Arrays,fundamentals,Arrays,L4 Medium,Tier B,03-Arrays/reverse-pairs.md,existing,https://leetcode.com/problems/reverse-pairs/,NA,NA,cpp,pending,2026-10-05
PR-0462,4Sum,DSA_server-main/DSA-MasterCourse/02_Arrays/07_Hard_Problems/Complete_Solutions.md,03-Arrays,fundamentals,Arrays,L4 Medium,Tier B,03-Arrays/4sum.md,existing,https://leetcode.com/problems/4sum/,NA,NA,cpp,pending,2026-10-05
PR-0463,Kth Element of Two Sorted Arrays,DSA_server-main/DSA-MasterCourse/02_Arrays/07_Hard_Problems/Complete_Solutions.md,03-Arrays,fundamentals,Arrays,L4 Medium,Tier B,03-Arrays/kth-element-of-two-sorted-arrays.md,existing,https://www.geeksforgeeks.org/k-th-element-two-sorted-arrays/,NA,NA,cpp,pending,2026-10-05
PR-0464,Part 1: Pattern Recognition Guide,DSA_server-main/DSA-MasterCourse/02_Arrays/08_Pattern_Recognition/Complete_Guide.md,03-Arrays,fundamentals,Arrays,L4 Medium,Tier B,03-Arrays/part-1-pattern-recognition-guide.md,existing,NA,NA,NA,cpp,pending,2026-10-05
PR-0465,Part 2: Tricks & Shortcuts,DSA_server-main/DSA-MasterCourse/02_Arrays/08_Pattern_Recognition/Complete_Guide.md,03-Arrays,fundamentals,Arrays,L4 Medium,Tier B,03-Arrays/part-2-tricks-shortcuts.md,existing,NA,NA,NA,cpp,pending,2026-10-05
PR-0466,Part 3: Edge Cases Library,DSA_server-main/DSA-MasterCourse/02_Arrays/08_Pattern_Recognition/Complete_Guide.md,03-Arrays,fundamentals,Arrays,L4 Medium,Tier B,03-Arrays/part-3-edge-cases-library.md,existing,NA,NA,NA,cpp,pending,2026-10-05
PR-0467,Part 4: Debugging Guide,DSA_server-main/DSA-MasterCourse/02_Arrays/08_Pattern_Recognition/Complete_Guide.md,03-Arrays,fundamentals,Arrays,L4 Medium,Tier B,03-Arrays/part-4-debugging-guide.md,existing,NA,NA,NA,cpp,pending,2026-10-05
PR-0468,Part 5: Quick Reference Cards,DSA_server-main/DSA-MasterCourse/02_Arrays/08_Pattern_Recognition/Complete_Guide.md,03-Arrays,fundamentals,Arrays,L4 Medium,Tier B,03-Arrays/part-5-quick-reference-cards.md,existing,NA,NA,NA,cpp,pending,2026-10-05
PR-0469,Category 1: Index Errors,DSA_server-main/DSA-MasterCourse/02_Arrays/09_Common_Mistakes/Complete_Guide.md,03-Arrays,fundamentals,Arrays,L4 Medium,Tier B,03-Arrays/category-1-index-errors.md,existing,NA,NA,NA,cpp,pending,2026-10-05
PR-0470,Category 2: Logic Errors,DSA_server-main/DSA-MasterCourse/02_Arrays/09_Common_Mistakes/Complete_Guide.md,03-Arrays,fundamentals,Arrays,L4 Medium,Tier B,03-Arrays/category-2-logic-errors.md,existing,NA,NA,NA,cpp,pending,2026-10-05
PR-0471,Category 3: Memory Errors,DSA_server-main/DSA-MasterCourse/02_Arrays/09_Common_Mistakes/Complete_Guide.md,03-Arrays,fundamentals,Arrays,L4 Medium,Tier B,03-Arrays/category-3-memory-errors.md,existing,NA,NA,NA,cpp,pending,2026-10-05
PR-0472,⚡ Category 4: Optimization Errors,DSA_server-main/DSA-MasterCourse/02_Arrays/09_Common_Mistakes/Complete_Guide.md,03-Arrays,fundamentals,Arrays,L4 Medium,Tier B,03-Arrays/category-4-optimization-errors.md,existing,NA,NA,NA,cpp,pending,2026-10-05
PR-0473,️ Debugging Workflow Template,DSA_server-main/DSA-MasterCourse/02_Arrays/09_Common_Mistakes/Complete_Guide.md,03-Arrays,fundamentals,Arrays,L4 Medium,Tier B,03-Arrays/debugging-workflow-template.md,existing,NA,NA,NA,cpp,pending,2026-10-05
PR-0474,Section B: Code Output / Tracing (Medium) - Questions 31-50,DSA_server-main/DSA-MasterCourse/02_Arrays/10_MCQs/Arrays_MCQs.md,03-Arrays,fundamentals,Arrays,L4 Medium,Tier B,03-Arrays/section-b-code-output-tracing-medium-questions-31-50.md,existing,NA,NA,NA,cpp,pending,2026-10-05
PR-0475,Google (10 Questions),DSA_server-main/DSA-MasterCourse/02_Arrays/11_Interview_Prep/Arrays_Interview.md,03-Arrays,fundamentals,Arrays,L4 Medium,Tier B,03-Arrays/google-10-questions.md,existing,NA,NA,NA,cpp,pending,2026-10-05
PR-0476,Amazon (10 Questions),DSA_server-main/DSA-MasterCourse/02_Arrays/11_Interview_Prep/Arrays_Interview.md,03-Arrays,fundamentals,Arrays,L4 Medium,Tier B,03-Arrays/amazon-10-questions.md,existing,NA,NA,NA,cpp,pending,2026-10-05
PR-0477,Microsoft (10 Questions),DSA_server-main/DSA-MasterCourse/02_Arrays/11_Interview_Prep/Arrays_Interview.md,03-Arrays,fundamentals,Arrays,L4 Medium,Tier B,03-Arrays/microsoft-10-questions.md,existing,NA,NA,NA,cpp,pending,2026-10-05
PR-0478,Meta/Facebook (8 Questions),DSA_server-main/DSA-MasterCourse/02_Arrays/11_Interview_Prep/Arrays_Interview.md,03-Arrays,fundamentals,Arrays,L4 Medium,Tier B,03-Arrays/meta-facebook-8-questions.md,existing,NA,NA,NA,cpp,pending,2026-10-05
PR-0479,Adobe (8 Questions),DSA_server-main/DSA-MasterCourse/02_Arrays/11_Interview_Prep/Arrays_Interview.md,03-Arrays,fundamentals,Arrays,L4 Medium,Tier B,03-Arrays/adobe-8-questions.md,existing,NA,NA,NA,cpp,pending,2026-10-05
PR-0480,Flipkart (5 Questions),DSA_server-main/DSA-MasterCourse/02_Arrays/11_Interview_Prep/Arrays_Interview.md,03-Arrays,fundamentals,Arrays,L4 Medium,Tier B,03-Arrays/flipkart-5-questions.md,existing,NA,NA,NA,cpp,pending,2026-10-05
PR-0481,TCS/Infosys/Wipro (5 Questions),DSA_server-main/DSA-MasterCourse/02_Arrays/11_Interview_Prep/Arrays_Interview.md,03-Arrays,fundamentals,Arrays,L4 Medium,Tier B,03-Arrays/tcs-infosys-wipro-5-questions.md,existing,NA,NA,NA,cpp,pending,2026-10-05
PR-0482,Section C: Application & Problem Solving (Hard),DSA_server-main/DSA-MasterCourse/03_Strings/03_mcqs.md | DSA_server-main/DSA-MasterCourse/05_Sorting_and_Searching/05_mcqs.md,04-Strings,manipulation,Two Pointers / Hashing,L5 Hard,Tier B,04-Strings/section-c-application-problem-solving-hard.md,existing,NA,NA,NA,cpp,pending,2026-10-05
PR-0483,What is a String? (Real-World Analogy),DSA_server-main/DSA-MasterCourse/03_Strings/03_notes.md,04-Strings,manipulation,Two Pointers / Hashing,L4 Medium,Tier B,04-Strings/what-is-a-string-real-world-analogy.md,existing,NA,NA,NA,cpp,pending,2026-10-05
PR-0484,Visual Diagram: String Operations,DSA_server-main/DSA-MasterCourse/03_Strings/03_notes.md,04-Strings,manipulation,Two Pointers / Hashing,L4 Medium,Tier B,04-Strings/visual-diagram-string-operations.md,existing,NA,NA,NA,cpp,pending,2026-10-05
PR-0485,C++ Implementation: Essential String Patterns,DSA_server-main/DSA-MasterCourse/03_Strings/03_notes.md,04-Strings,manipulation,Two Pointers / Hashing,L4 Medium,Tier B,04-Strings/c-implementation-essential-string-patterns.md,existing,NA,NA,NA,cpp,pending,2026-10-05
PR-0486,Advanced String Patterns,DSA_server-main/DSA-MasterCourse/03_Strings/03_notes.md,04-Strings,manipulation,Two Pointers / Hashing,L4 Medium,Tier B,04-Strings/advanced-string-patterns.md,existing,NA,NA,NA,cpp,pending,2026-10-05
PR-0487,Pattern Matching Algorithms,DSA_server-main/DSA-MasterCourse/03_Strings/03_notes.md,04-Strings,manipulation,Two Pointers / Hashing,L4 Medium,Tier B,04-Strings/pattern-matching-algorithms.md,existing,NA,NA,NA,cpp,pending,2026-10-05
PR-0488,Future Questions & Competitive Programming,DSA_server-main/DSA-MasterCourse/04_Recursion_and_Backtracking/04_notes.md | DSA_server-main/DSA-MasterCourse/03_Strings/03_notes.md,04-Strings,manipulation,Two Pointers / Hashing,L4 Medium,Tier B,04-Strings/future-questions-competitive-programming.md,existing,NA,NA,NA,cpp,pending,2026-10-05
PR-0489,What is Recursion? (Real-World Analogy),DSA_server-main/DSA-MasterCourse/04_Recursion_and_Backtracking/04_notes.md,14-Recursion,basics,Recursion,L4 Medium,Tier B,14-Recursion/what-is-recursion-real-world-analogy.md,existing,NA,NA,NA,cpp,pending,2026-10-05
PR-0490,Visual Diagram: Recursion vs Iteration,DSA_server-main/DSA-MasterCourse/04_Recursion_and_Backtracking/04_notes.md,14-Recursion,basics,Recursion,L4 Medium,Tier B,14-Recursion/visual-diagram-recursion-vs-iteration.md,existing,NA,NA,NA,cpp,pending,2026-10-05
PR-0491,C++ Implementation: Essential Recursion Patterns,DSA_server-main/DSA-MasterCourse/04_Recursion_and_Backtracking/04_notes.md,14-Recursion,basics,Recursion,L4 Medium,Tier B,14-Recursion/c-implementation-essential-recursion-patterns.md,existing,NA,NA,NA,cpp,pending,2026-10-05
PR-0492,Backtracking: The Art of Trial and Error,DSA_server-main/DSA-MasterCourse/04_Recursion_and_Backtracking/04_notes.md,14-Recursion,basics,Recursion,L4 Medium,Tier B,14-Recursion/backtracking-the-art-of-trial-and-error.md,existing,NA,NA,NA,cpp,pending,2026-10-05
PR-0493,What is Sorting? (Real-World Analogy),DSA_server-main/DSA-MasterCourse/05_Sorting_and_Searching/05_notes.md,03-Arrays,fundamentals,Arrays,L4 Medium,Tier B,03-Arrays/what-is-sorting-real-world-analogy.md,existing,NA,NA,NA,cpp,pending,2026-10-05
PR-0494,Sorting Algorithms Comparison,DSA_server-main/DSA-MasterCourse/05_Sorting_and_Searching/05_notes.md,03-Arrays,fundamentals,Arrays,L4 Medium,Tier B,03-Arrays/sorting-algorithms-comparison.md,existing,NA,NA,NA,cpp,pending,2026-10-05
PR-0495,Bubble Sort (Simplest but Slowest),DSA_server-main/DSA-MasterCourse/05_Sorting_and_Searching/05_notes.md,03-Arrays,fundamentals,Arrays,L4 Medium,Tier B,03-Arrays/bubble-sort-simplest-but-slowest.md,existing,NA,NA,NA,cpp,pending,2026-10-05
PR-0496,"Selection Sort (Find Minimum, Place It)",DSA_server-main/DSA-MasterCourse/05_Sorting_and_Searching/05_notes.md,03-Arrays,fundamentals,Arrays,L4 Medium,Tier B,03-Arrays/selection-sort-find-minimum-place-it.md,existing,NA,NA,NA,cpp,pending,2026-10-05
PR-0497,Insertion Sort (Like Sorting Cards),DSA_server-main/DSA-MasterCourse/05_Sorting_and_Searching/05_notes.md,03-Arrays,fundamentals,Arrays,L4 Medium,Tier B,03-Arrays/insertion-sort-like-sorting-cards.md,existing,NA,NA,NA,cpp,pending,2026-10-05
PR-0498,Merge Sort (Divide & Conquer),DSA_server-main/DSA-MasterCourse/05_Sorting_and_Searching/05_notes.md,03-Arrays,fundamentals,Arrays,L4 Medium,Tier B,03-Arrays/merge-sort-divide-conquer.md,existing,NA,NA,NA,cpp,pending,2026-10-05
PR-0499,Quick Sort (Fastest in Practice),DSA_server-main/DSA-MasterCourse/05_Sorting_and_Searching/05_notes.md,03-Arrays,fundamentals,Arrays,L4 Medium,Tier B,03-Arrays/quick-sort-fastest-in-practice.md,existing,NA,NA,NA,cpp,pending,2026-10-05
PR-0500,Binary Search (Fast Searching),DSA_server-main/DSA-MasterCourse/05_Sorting_and_Searching/05_notes.md,03-Arrays,fundamentals,Arrays,L4 Medium,Tier A,03-Arrays/binary-search-fast-searching.md,existing,NA,NA,NA,cpp,pending,2026-10-05
PR-0501,What is a Linked List? (Real-World Analogy),DSA_server-main/DSA-MasterCourse/06_Linked_List/06_notes.md,03-Arrays,fundamentals,Arrays,L4 Medium,Tier B,03-Arrays/what-is-a-linked-list-real-world-analogy.md,existing,NA,NA,NA,cpp,pending,2026-10-05
PR-0502,Visual Diagram: Linked List Operations,DSA_server-main/DSA-MasterCourse/06_Linked_List/06_notes.md,03-Arrays,fundamentals,Arrays,L4 Medium,Tier B,03-Arrays/visual-diagram-linked-list-operations.md,existing,NA,NA,NA,cpp,pending,2026-10-05
PR-0503,Essential Linked List Patterns,DSA_server-main/DSA-MasterCourse/06_Linked_List/06_notes.md,03-Arrays,fundamentals,Arrays,L4 Medium,Tier B,03-Arrays/essential-linked-list-patterns.md,existing,NA,NA,NA,cpp,pending,2026-10-05
PR-0504,Doubly Linked List,DSA_server-main/DSA-MasterCourse/06_Linked_List/06_notes.md,03-Arrays,fundamentals,Arrays,L4 Medium,Tier B,03-Arrays/doubly-linked-list.md,existing,NA,NA,NA,cpp,pending,2026-10-05
PR-0505,What is a Stack? (Real-World Analogy),DSA_server-main/DSA-MasterCourse/07_Stack/07_notes.md,03-Arrays,fundamentals,Arrays,L4 Medium,Tier B,03-Arrays/what-is-a-stack-real-world-analogy.md,existing,NA,NA,NA,cpp,pending,2026-10-05
PR-0506,Core Operations,DSA_server-main/DSA-MasterCourse/12_Heaps_and_Priority_Queue/12_notes.md | DSA_server-main/DSA-MasterCourse/07_Stack/07_notes.md | DSA_server-main/DSA-MasterCourse/11_Binary_Search_Tree/11_notes.md | DSA_server-main/DSA-MasterCourse/08_Queue_and_Deque/08_notes.md,03-Arrays,fundamentals,Arrays,L4 Medium,Tier B,03-Arrays/core-operations.md,existing,NA,NA,NA,cpp,pending,2026-10-05
PR-0507,Visual Diagram: Stack Operations,DSA_server-main/DSA-MasterCourse/07_Stack/07_notes.md,03-Arrays,fundamentals,Arrays,L4 Medium,Tier B,03-Arrays/visual-diagram-stack-operations.md,existing,NA,NA,NA,cpp,pending,2026-10-05
PR-0508,Essential Stack Patterns,DSA_server-main/DSA-MasterCourse/07_Stack/07_notes.md,03-Arrays,fundamentals,Arrays,L4 Medium,Tier B,03-Arrays/essential-stack-patterns.md,existing,NA,NA,NA,cpp,pending,2026-10-05
PR-0509,What is a Queue? (Real-World Analogy),DSA_server-main/DSA-MasterCourse/08_Queue_and_Deque/08_notes.md,03-Arrays,fundamentals,Arrays,L4 Medium,Tier B,03-Arrays/what-is-a-queue-real-world-analogy.md,existing,NA,NA,NA,cpp,pending,2026-10-05
PR-0510,Visual Diagram: Queue Operations,DSA_server-main/DSA-MasterCourse/08_Queue_and_Deque/08_notes.md,03-Arrays,fundamentals,Arrays,L4 Medium,Tier B,03-Arrays/visual-diagram-queue-operations.md,existing,NA,NA,NA,cpp,pending,2026-10-05
PR-0511,Deque (Double-Ended Queue),DSA_server-main/DSA-MasterCourse/08_Queue_and_Deque/08_notes.md,03-Arrays,fundamentals,Arrays,L4 Medium,Tier B,03-Arrays/deque-double-ended-queue.md,existing,NA,NA,NA,cpp,pending,2026-10-05
PR-0512,Essential Patterns,DSA_server-main/DSA-MasterCourse/12_Heaps_and_Priority_Queue/12_notes.md | DSA_server-main/DSA-MasterCourse/13_Tries/13_notes.md | DSA_server-main/DSA-MasterCourse/08_Queue_and_Deque/08_notes.md,03-Arrays,fundamentals,Arrays,L4 Medium,Tier B,03-Arrays/essential-patterns.md,existing,NA,NA,NA,cpp,pending,2026-10-05
PR-0513,What is Hashing? (Real-World Analogy),DSA_server-main/DSA-MasterCourse/09_Hashing/09_notes.md,03-Arrays,fundamentals,Arrays,L4 Medium,Tier B,03-Arrays/what-is-hashing-real-world-analogy.md,existing,NA,NA,NA,cpp,pending,2026-10-05
PR-0514,Core Concepts,DSA_server-main/DSA-MasterCourse/09_Hashing/09_notes.md,03-Arrays,fundamentals,Arrays,L4 Medium,Tier B,03-Arrays/core-concepts.md,existing,NA,NA,NA,cpp,pending,2026-10-05
PR-0515,Visual Diagram: Hash Table,DSA_server-main/DSA-MasterCourse/09_Hashing/09_notes.md,03-Arrays,fundamentals,Arrays,L4 Medium,Tier B,03-Arrays/visual-diagram-hash-table.md,existing,NA,NA,NA,cpp,pending,2026-10-05
PR-0516,C++ Implementation,DSA_server-main/DSA-MasterCourse/09_Hashing/09_notes.md | DSA_server-main/DSA-MasterCourse/13_Tries/13_notes.md,03-Arrays,fundamentals,Arrays,L4 Medium,Tier B,03-Arrays/c-implementation.md,existing,NA,NA,NA,cpp,pending,2026-10-05
PR-0517,Essential Hashing Patterns,DSA_server-main/DSA-MasterCourse/09_Hashing/09_notes.md,03-Arrays,fundamentals,Arrays,L4 Medium,Tier B,03-Arrays/essential-hashing-patterns.md,existing,NA,NA,NA,cpp,pending,2026-10-05
PR-0518,What is a Tree? (Real-World Analogy),DSA_server-main/DSA-MasterCourse/10_Trees/10_notes.md,03-Arrays,fundamentals,Arrays,L4 Medium,Tier B,03-Arrays/what-is-a-tree-real-world-analogy.md,existing,NA,NA,NA,cpp,pending,2026-10-05
PR-0519,Binary Tree Basics,DSA_server-main/DSA-MasterCourse/10_Trees/10_notes.md,03-Arrays,fundamentals,Arrays,L2 Easy,Tier B,03-Arrays/binary-tree-basics.md,existing,NA,NA,NA,cpp,pending,2026-10-05
PR-0520,Tree Traversals (MOST IMPORTANT!),DSA_server-main/DSA-MasterCourse/10_Trees/10_notes.md,03-Arrays,fundamentals,Arrays,L4 Medium,Tier B,03-Arrays/tree-traversals-most-important.md,existing,NA,NA,NA,cpp,pending,2026-10-05
PR-0521,Essential Tree Problems,DSA_server-main/DSA-MasterCourse/10_Trees/10_notes.md,03-Arrays,fundamentals,Arrays,L4 Medium,Tier B,03-Arrays/essential-tree-problems.md,existing,NA,NA,NA,cpp,pending,2026-10-05
PR-0522,What is a BST? (Real-World Analogy),DSA_server-main/DSA-MasterCourse/11_Binary_Search_Tree/11_notes.md,05-Searching,binary-search,Binary Search,L4 Medium,Tier B,05-Searching/what-is-a-bst-real-world-analogy.md,existing,NA,NA,NA,cpp,pending,2026-10-05
PR-0523,Visual Diagram: BST,DSA_server-main/DSA-MasterCourse/11_Binary_Search_Tree/11_notes.md,05-Searching,binary-search,Binary Search,L4 Medium,Tier B,05-Searching/visual-diagram-bst.md,existing,NA,NA,NA,cpp,pending,2026-10-05
PR-0524,Validate BST,DSA_server-main/DSA-MasterCourse/11_Binary_Search_Tree/11_notes.md,05-Searching,binary-search,Binary Search,L4 Medium,Tier B,05-Searching/validate-bst.md,existing,NA,NA,NA,cpp,pending,2026-10-05
PR-0525,Lowest Common Ancestor (LCA),DSA_server-main/DSA-MasterCourse/11_Binary_Search_Tree/11_notes.md,05-Searching,binary-search,Binary Search,L4 Medium,Tier A,05-Searching/lowest-common-ancestor-lca.md,existing,NA,NA,NA,cpp,pending,2026-10-05
PR-0526,Inorder Successor,DSA_server-main/DSA-MasterCourse/11_Binary_Search_Tree/11_notes.md,05-Searching,binary-search,Binary Search,L4 Medium,Tier B,05-Searching/inorder-successor.md,existing,NA,NA,NA,cpp,pending,2026-10-05
PR-0527,BST to Sorted Array (Inorder),DSA_server-main/DSA-MasterCourse/11_Binary_Search_Tree/11_notes.md,05-Searching,binary-search,Binary Search,L4 Medium,Tier B,05-Searching/bst-to-sorted-array-inorder.md,existing,NA,NA,NA,cpp,pending,2026-10-05
PR-0528,What is a Heap? (Real-World Analogy),DSA_server-main/DSA-MasterCourse/12_Heaps_and_Priority_Queue/12_notes.md,03-Arrays,fundamentals,Arrays,L4 Medium,Tier B,03-Arrays/what-is-a-heap-real-world-analogy.md,existing,NA,NA,NA,cpp,pending,2026-10-05
PR-0529,Visual Diagram: Binary Heap,DSA_server-main/DSA-MasterCourse/12_Heaps_and_Priority_Queue/12_notes.md,03-Arrays,fundamentals,Arrays,L4 Medium,Tier B,03-Arrays/visual-diagram-binary-heap.md,existing,NA,NA,NA,cpp,pending,2026-10-05
PR-0530,STL Priority Queue,DSA_server-main/DSA-MasterCourse/12_Heaps_and_Priority_Queue/12_notes.md,03-Arrays,fundamentals,Arrays,L4 Medium,Tier B,03-Arrays/stl-priority-queue.md,existing,NA,NA,NA,cpp,pending,2026-10-05
PR-0531,Heap Sort,DSA_server-main/DSA-MasterCourse/12_Heaps_and_Priority_Queue/12_notes.md,03-Arrays,fundamentals,Arrays,L4 Medium,Tier B,03-Arrays/heap-sort.md,existing,NA,NA,NA,cpp,pending,2026-10-05
PR-0532,What is a Trie? (Real-World Analogy),DSA_server-main/DSA-MasterCourse/13_Tries/13_notes.md,03-Arrays,fundamentals,Arrays,L4 Medium,Tier B,03-Arrays/what-is-a-trie-real-world-analogy.md,existing,NA,NA,NA,cpp,pending,2026-10-05
PR-0533,Visual Diagram: Trie Structure,DSA_server-main/DSA-MasterCourse/13_Tries/13_notes.md,03-Arrays,fundamentals,Arrays,L4 Medium,Tier B,03-Arrays/visual-diagram-trie-structure.md,existing,NA,NA,NA,cpp,pending,2026-10-05
PR-0534,Autocomplete Implementation,DSA_server-main/DSA-MasterCourse/13_Tries/13_notes.md,03-Arrays,fundamentals,Arrays,L4 Medium,Tier B,03-Arrays/autocomplete-implementation.md,existing,NA,NA,NA,cpp,pending,2026-10-05
PR-0535,What is a Graph? (Real-World Analogy),DSA_server-main/DSA-MasterCourse/14_Graphs/14_notes.md,03-Arrays,fundamentals,Arrays,L4 Medium,Tier B,03-Arrays/what-is-a-graph-real-world-analogy.md,existing,NA,NA,NA,cpp,pending,2026-10-05
PR-0536,Graph Representations,DSA_server-main/DSA-MasterCourse/14_Graphs/14_notes.md,03-Arrays,fundamentals,Arrays,L4 Medium,Tier B,03-Arrays/graph-representations.md,existing,NA,NA,NA,cpp,pending,2026-10-05
PR-0537,Graph Traversals,DSA_server-main/DSA-MasterCourse/14_Graphs/14_notes.md,03-Arrays,fundamentals,Arrays,L4 Medium,Tier B,03-Arrays/graph-traversals.md,existing,NA,NA,NA,cpp,pending,2026-10-05
PR-0538,Essential Graph Algorithms,DSA_server-main/DSA-MasterCourse/14_Graphs/14_notes.md,03-Arrays,fundamentals,Arrays,L4 Medium,Tier B,03-Arrays/essential-graph-algorithms.md,existing,NA,NA,NA,cpp,pending,2026-10-05
PR-0539,When to Use DP?,DSA_server-main/DSA-MasterCourse/15_Dynamic_Programming/15_notes.md,03-Arrays,fundamentals,Arrays,L4 Medium,Tier B,03-Arrays/when-to-use-dp.md,existing,NA,NA,NA,cpp,pending,2026-10-05
PR-0540,Visual Diagram: DP Approaches,DSA_server-main/DSA-MasterCourse/15_Dynamic_Programming/15_notes.md,03-Arrays,fundamentals,Arrays,L4 Medium,Tier B,03-Arrays/visual-diagram-dp-approaches.md,existing,NA,NA,NA,cpp,pending,2026-10-05
PR-0541,C++ Implementation: Fibonacci (All 3 Approaches),DSA_server-main/DSA-MasterCourse/15_Dynamic_Programming/15_notes.md,03-Arrays,fundamentals,Arrays,L4 Medium,Tier B,03-Arrays/c-implementation-fibonacci-all-3-approaches.md,existing,NA,NA,NA,cpp,pending,2026-10-05
PR-0542,Classic DP Patterns,DSA_server-main/DSA-MasterCourse/15_Dynamic_Programming/15_notes.md,03-Arrays,fundamentals,Arrays,L4 Medium,Tier B,03-Arrays/classic-dp-patterns.md,existing,NA,NA,NA,cpp,pending,2026-10-05
PR-0543,DP Problem-Solving Template,DSA_server-main/DSA-MasterCourse/15_Dynamic_Programming/15_notes.md,03-Arrays,fundamentals,Arrays,L4 Medium,Tier B,03-Arrays/dp-problem-solving-template.md,existing,NA,NA,NA,cpp,pending,2026-10-05
PR-0544,Activity Selection Problem,DSA_server-main/DSA-MasterCourse/16_Greedy_Algorithms/16_notes.md,03-Arrays,fundamentals,Arrays,L4 Medium,Tier B,03-Arrays/activity-selection-problem.md,existing,NA,NA,NA,cpp,pending,2026-10-05
PR-0545,Fractional Knapsack,DSA_server-main/DSA-MasterCourse/16_Greedy_Algorithms/16_notes.md,03-Arrays,fundamentals,Arrays,L4 Medium,Tier B,03-Arrays/fractional-knapsack.md,existing,NA,NA,NA,cpp,pending,2026-10-05
PR-0546,Job Sequencing with Deadlines,DSA_server-main/DSA-MasterCourse/16_Greedy_Algorithms/16_notes.md,03-Arrays,fundamentals,Arrays,L4 Medium,Tier B,03-Arrays/job-sequencing-with-deadlines.md,existing,NA,NA,NA,cpp,pending,2026-10-05
PR-0547,Minimum Number of Platforms,DSA_server-main/DSA-MasterCourse/16_Greedy_Algorithms/16_notes.md,03-Arrays,fundamentals,Arrays,L4 Medium,Tier B,03-Arrays/minimum-number-of-platforms.md,existing,NA,NA,NA,cpp,pending,2026-10-05
PR-0548,Common Greedy Patterns,DSA_server-main/DSA-MasterCourse/16_Greedy_Algorithms/16_notes.md,03-Arrays,fundamentals,Arrays,L4 Medium,Tier B,03-Arrays/common-greedy-patterns.md,existing,NA,NA,NA,cpp,pending,2026-10-05
PR-0549,17_Divide_and_Conquer — Complete Notes,DSA_server-main/DSA-MasterCourse/17_Divide_and_Conquer/17_notes.md,03-Arrays,fundamentals,Arrays,L4 Medium,Tier B,03-Arrays/17-divide-and-conquer-complete-notes.md,existing,NA,NA,NA,cpp,pending,2026-10-05
PR-0550,18_Bit_Manipulation — Complete Notes,DSA_server-main/DSA-MasterCourse/18_Bit_Manipulation/18_notes.md,03-Arrays,fundamentals,Arrays,L4 Medium,Tier B,03-Arrays/18-bit-manipulation-complete-notes.md,existing,NA,NA,NA,cpp,pending,2026-10-05
PR-0551,19_Segment_Tree_and_BIT — Complete Notes,DSA_server-main/DSA-MasterCourse/19_Segment_Tree_and_BIT/19_notes.md,03-Arrays,fundamentals,Arrays,L4 Medium,Tier B,03-Arrays/19-segment-tree-and-bit-complete-notes.md,existing,NA,NA,NA,cpp,pending,2026-10-05
PR-0552,What are Advanced Graph Algorithms? (Real-World Analogy),DSA_server-main/DSA-MasterCourse/20_Advanced_Graphs/20_notes.md,03-Arrays,fundamentals,Arrays,L4 Medium,Tier B,03-Arrays/what-are-advanced-graph-algorithms-real-world-analogy.md,existing,NA,NA,NA,cpp,pending,2026-10-05
PR-0553,Dijkstra's Algorithm (Shortest Path - Non-negative weights),DSA_server-main/DSA-MasterCourse/20_Advanced_Graphs/20_notes.md,03-Arrays,fundamentals,Arrays,L4 Medium,Tier B,03-Arrays/dijkstra-s-algorithm-shortest-path-non-negative-weights.md,existing,NA,NA,NA,cpp,pending,2026-10-05
PR-0554,Bellman-Ford Algorithm (Shortest Path - Handles negative weights),DSA_server-main/DSA-MasterCourse/20_Advanced_Graphs/20_notes.md,03-Arrays,fundamentals,Arrays,L4 Medium,Tier B,03-Arrays/bellman-ford-algorithm-shortest-path-handles-negative-weights.md,existing,NA,NA,NA,cpp,pending,2026-10-05
PR-0555,Floyd-Warshall Algorithm (All-Pairs Shortest Path),DSA_server-main/DSA-MasterCourse/20_Advanced_Graphs/20_notes.md,03-Arrays,fundamentals,Arrays,L4 Medium,Tier B,03-Arrays/floyd-warshall-algorithm-all-pairs-shortest-path.md,existing,NA,NA,NA,cpp,pending,2026-10-05
PR-0556,Minimum Spanning Tree (MST),DSA_server-main/DSA-MasterCourse/20_Advanced_Graphs/20_notes.md,03-Arrays,fundamentals,Arrays,L4 Medium,Tier B,03-Arrays/minimum-spanning-tree-mst.md,existing,NA,NA,NA,cpp,pending,2026-10-05
PR-0557,Topological Sort,DSA_server-main/DSA-MasterCourse/20_Advanced_Graphs/20_notes.md,03-Arrays,fundamentals,Arrays,L4 Medium,Tier B,03-Arrays/topological-sort.md,existing,NA,NA,NA,cpp,pending,2026-10-05
PR-0558,21_Advanced_DP — Complete Notes,DSA_server-main/DSA-MasterCourse/21_Advanced_DP/21_notes.md,03-Arrays,fundamentals,Arrays,L4 Medium,Tier B,03-Arrays/21-advanced-dp-complete-notes.md,existing,NA,NA,NA,cpp,pending,2026-10-05
PR-0559,22_Competitive_Programming_Extras — Complete Notes,DSA_server-main/DSA-MasterCourse/22_Competitive_Programming_Extras/22_notes.md,03-Arrays,fundamentals,Arrays,L4 Medium,Tier B,03-Arrays/22-competitive-programming-extras-complete-notes.md,existing,NA,NA,NA,cpp,pending,2026-10-05
PR-0560,What is a Data Structure? (Explain Like I'm 5),Summer_pep_DSA-main/00-Start-Here-Basics.md,03-Arrays,fundamentals,Arrays,L4 Medium,Tier B,03-Arrays/what-is-a-data-structure-explain-like-i-m-5.md,existing,NA,NA,NA,cpp,pending,2026-10-05
PR-0561,Memory Layout: How the Computer Thinks,Summer_pep_DSA-main/00-Start-Here-Basics.md,03-Arrays,fundamentals,Arrays,L4 Medium,Tier B,03-Arrays/memory-layout-how-the-computer-thinks.md,existing,NA,NA,NA,cpp,pending,2026-10-05
PR-0562,What is an Array in Memory?,Summer_pep_DSA-main/00-Start-Here-Basics.md,03-Arrays,fundamentals,Arrays,L4 Medium,Tier B,03-Arrays/what-is-an-array-in-memory.md,existing,NA,NA,NA,cpp,pending,2026-10-05
PR-0563,⏱️ What is Time Complexity / Big-O Notation?,Summer_pep_DSA-main/00-Start-Here-Basics.md,03-Arrays,fundamentals,Arrays,L4 Medium,Tier B,03-Arrays/what-is-time-complexity-big-o-notation.md,existing,NA,NA,NA,cpp,pending,2026-10-05
PR-0564,Deep-Dive: Big-O Examples in Code,Summer_pep_DSA-main/00-Start-Here-Basics.md,03-Arrays,fundamentals,Arrays,L4 Medium,Tier B,03-Arrays/deep-dive-big-o-examples-in-code.md,existing,NA,NA,NA,cpp,pending,2026-10-05
PR-0565,What is Space Complexity?,Summer_pep_DSA-main/00-Start-Here-Basics.md,03-Arrays,fundamentals,Arrays,L4 Medium,Tier B,03-Arrays/what-is-space-complexity.md,existing,NA,NA,NA,cpp,pending,2026-10-05
PR-0566,Practice: Big-O Analysis,Summer_pep_DSA-main/00-Start-Here-Basics.md,03-Arrays,fundamentals,Arrays,L4 Medium,Tier B,03-Arrays/practice-big-o-analysis.md,existing,NA,NA,NA,cpp,pending,2026-10-05
PR-0567,Warm-Up Coding Exercises,Summer_pep_DSA-main/00-Start-Here-Basics.md,03-Arrays,fundamentals,Arrays,L4 Medium,Tier B,03-Arrays/warm-up-coding-exercises.md,existing,NA,NA,NA,cpp,pending,2026-10-05
PR-0568,The Git Mental Model (How it Works),Summer_pep_DSA-main/01-Git-And-GitHub.md,03-Arrays,fundamentals,Arrays,L4 Medium,Tier B,03-Arrays/the-git-mental-model-how-it-works.md,existing,NA,NA,NA,cpp,pending,2026-10-05
PR-0569,⚙️ Setup Checklist,Summer_pep_DSA-main/01-Git-And-GitHub.md,03-Arrays,fundamentals,Arrays,L4 Medium,Tier B,03-Arrays/setup-checklist.md,existing,https://git-scm.com/,NA,NA,cpp,pending,2026-10-05
PR-0570,The Only 5 Git Commands You Need (For Now),Summer_pep_DSA-main/01-Git-And-GitHub.md,03-Arrays,fundamentals,Arrays,L4 Medium,Tier B,03-Arrays/the-only-5-git-commands-you-need-for-now.md,existing,NA,NA,NA,cpp,pending,2026-10-05
PR-0571,️ First-Time Configurations,Summer_pep_DSA-main/01-Git-And-GitHub.md,03-Arrays,fundamentals,Arrays,L4 Medium,Tier B,03-Arrays/first-time-configurations.md,existing,https://github.com/username/repo.git,NA,NA,cpp,pending,2026-10-05
PR-0572,⚠️ Troubleshooting Tricky Situations (Beginner Pitfalls),Summer_pep_DSA-main/01-Git-And-GitHub.md,03-Arrays,fundamentals,Arrays,L4 Medium,Tier B,03-Arrays/troubleshooting-tricky-situations-beginner-pitfalls.md,existing,https://github.com/username/correct-repo.git,NA,NA,cpp,pending,2026-10-05
PR-0573,Recommended Directory Structure,Summer_pep_DSA-main/01-Git-And-GitHub.md,03-Arrays,fundamentals,Arrays,L4 Medium,Tier B,03-Arrays/recommended-directory-structure.md,existing,NA,NA,NA,cpp,pending,2026-10-05
PR-0574,Deep Technical Dive: Memory & Cache Locality,Summer_pep_DSA-main/02-Arrays-Basics.md,03-Arrays,fundamentals,Arrays,L4 Medium,Tier B,03-Arrays/deep-technical-dive-memory-cache-locality.md,existing,NA,NA,NA,cpp,pending,2026-10-05
PR-0575,️ Traversal & Search Operations,Summer_pep_DSA-main/02-Arrays-Basics.md,03-Arrays,fundamentals,Arrays,L4 Medium,Tier B,03-Arrays/traversal-search-operations.md,existing,NA,NA,NA,cpp,pending,2026-10-05
PR-0576,Practice Problems & Worked Solutions,Summer_pep_DSA-main/03-Two-Pointers.md | Summer_pep_DSA-main/07-Hashing.md | Summer_pep_DSA-main/04-Binary-Search.md | Summer_pep_DSA-main/02-Arrays-Basics.md | Summer_pep_DSA-main/08-Prefix-Sum.md | Summer_pep_DSA-main/06-Recursion.md | Summer_pep_DSA-main/05-Strings.md,03-Arrays,fundamentals,Arrays,L4 Medium,Tier B,03-Arrays/practice-problems-worked-solutions.md,existing,https://www.geeksforgeeks.org/problems/who-will-win-1587115621/1,NA,NA,cpp,pending,2026-10-05
PR-0577,The Core Intuition: Why does it work?,Summer_pep_DSA-main/03-Two-Pointers.md,03-Arrays,fundamentals,Arrays,L4 Medium,Tier B,03-Arrays/the-core-intuition-why-does-it-work.md,existing,NA,NA,NA,cpp,pending,2026-10-05
PR-0578,The Two Pointer Templates,Summer_pep_DSA-main/03-Two-Pointers.md,03-Arrays,fundamentals,Arrays,L4 Medium,Tier B,03-Arrays/the-two-pointer-templates.md,existing,NA,NA,NA,cpp,pending,2026-10-05
PR-0579,Visualizing Search Range Shrinkage,Summer_pep_DSA-main/04-Binary-Search.md,03-Arrays,fundamentals,Arrays,L4 Medium,Tier B,03-Arrays/visualizing-search-range-shrinkage.md,existing,NA,NA,NA,cpp,pending,2026-10-05
PR-0580,The 3 Binary Search Templates,Summer_pep_DSA-main/04-Binary-Search.md,03-Arrays,fundamentals,Arrays,L4 Medium,Tier A,03-Arrays/the-3-binary-search-templates.md,existing,NA,NA,NA,cpp,pending,2026-10-05
PR-0581,⚔️ Mutability vs. Immutability: Language Design Differences,Summer_pep_DSA-main/05-Strings.md,04-Strings,manipulation,Two Pointers / Hashing,L4 Medium,Tier B,04-Strings/mutability-vs-immutability-language-design-differences.md,existing,NA,NA,NA,cpp,pending,2026-10-05
PR-0582,The Character Arithmetic Trick: `c - 'a'`,Summer_pep_DSA-main/05-Strings.md,04-Strings,manipulation,Two Pointers / Hashing,L4 Medium,Tier B,04-Strings/the-character-arithmetic-trick-c-a.md,existing,NA,NA,NA,cpp,pending,2026-10-05
PR-0583,Under the Hood: The Execution Call Stack,Summer_pep_DSA-main/06-Recursion.md,14-Recursion,basics,Recursion,L4 Medium,Tier B,14-Recursion/under-the-hood-the-execution-call-stack.md,existing,NA,NA,NA,cpp,pending,2026-10-05
PR-0584,"The Staircase Analogy: ""Down vs. Up""",Summer_pep_DSA-main/06-Recursion.md,14-Recursion,basics,Recursion,L4 Medium,Tier B,14-Recursion/the-staircase-analogy-down-vs-up.md,existing,NA,NA,NA,cpp,pending,2026-10-05
PR-0585,Tree Recursion: Fibonacci,Summer_pep_DSA-main/06-Recursion.md,14-Recursion,basics,Recursion,L4 Medium,Tier B,14-Recursion/tree-recursion-fibonacci.md,existing,NA,NA,NA,cpp,pending,2026-10-05
PR-0586,⚠️ Beginner Pitfalls & Common Mistakes,Summer_pep_DSA-main/06-Recursion.md,14-Recursion,basics,Recursion,L4 Medium,Tier B,14-Recursion/beginner-pitfalls-common-mistakes.md,existing,NA,NA,NA,cpp,pending,2026-10-05
PR-0587,⚙️ Under the Hood: How Hashing Works,Summer_pep_DSA-main/07-Hashing.md,03-Arrays,fundamentals,Arrays,L4 Medium,Tier B,03-Arrays/under-the-hood-how-hashing-works.md,existing,NA,NA,NA,cpp,pending,2026-10-05
PR-0588,Range Sum Queries: Why Prefix Sums Matter,Summer_pep_DSA-main/08-Prefix-Sum.md,03-Arrays,fundamentals,Arrays,L4 Medium,Tier B,03-Arrays/range-sum-queries-why-prefix-sums-matter.md,existing,NA,NA,NA,cpp,pending,2026-10-05
PR-0589,Part 1 — The ONE Idea (read this 3 times),Summer_pep_DSA-main/09-Sliding-Window.md,03-Arrays,fundamentals,Arrays,L4 Medium,Tier B,03-Arrays/part-1-the-one-idea-read-this-3-times.md,existing,NA,NA,NA,cpp,pending,2026-10-05
PR-0590,Part 2 — Two Types of Windows (know which one you're in),Summer_pep_DSA-main/09-Sliding-Window.md,03-Arrays,fundamentals,Arrays,L4 Medium,Tier B,03-Arrays/part-2-two-types-of-windows-know-which-one-you-re-in.md,existing,NA,NA,NA,cpp,pending,2026-10-05
PR-0591,The Recipe (memorize these 3 steps),Summer_pep_DSA-main/09-Sliding-Window.md,03-Arrays,fundamentals,Arrays,L4 Medium,Tier B,03-Arrays/the-recipe-memorize-these-3-steps.md,existing,NA,NA,NA,cpp,pending,2026-10-05
PR-0592,A1 — Maximum Average Subarray `(LC 643)`,Summer_pep_DSA-main/09-Sliding-Window.md,03-Arrays,fundamentals,Arrays,L4 Medium,Tier B,03-Arrays/a1-maximum-average-subarray-lc-643.md,existing,NA,NA,NA,cpp,pending,2026-10-05
PR-0593,A2 — Maximum Number of Vowels `(LC 1456)`,Summer_pep_DSA-main/09-Sliding-Window.md,03-Arrays,fundamentals,Arrays,L4 Medium,Tier B,03-Arrays/a2-maximum-number-of-vowels-lc-1456.md,existing,NA,NA,NA,cpp,pending,2026-10-05
PR-0594,A3 — Count Valid Subarrays `(LC 1343)`,Summer_pep_DSA-main/09-Sliding-Window.md,03-Arrays,fundamentals,Arrays,L4 Medium,Tier B,03-Arrays/a3-count-valid-subarrays-lc-1343.md,existing,NA,NA,NA,cpp,pending,2026-10-05
PR-0595,Fixed Window — Board Summary,Summer_pep_DSA-main/09-Sliding-Window.md,03-Arrays,fundamentals,Arrays,L4 Medium,Tier B,03-Arrays/fixed-window-board-summary.md,existing,NA,NA,NA,cpp,pending,2026-10-05
PR-0596,The New Recipe,Summer_pep_DSA-main/09-Sliding-Window.md,03-Arrays,fundamentals,Arrays,L4 Medium,Tier B,03-Arrays/the-new-recipe.md,existing,NA,NA,NA,cpp,pending,2026-10-05
PR-0597,B1 — Minimum Size Subarray Sum `(LC 209)`,Summer_pep_DSA-main/09-Sliding-Window.md,03-Arrays,fundamentals,Arrays,L4 Medium,Tier B,03-Arrays/b1-minimum-size-subarray-sum-lc-209.md,existing,NA,NA,NA,cpp,pending,2026-10-05
PR-0598,B2 — Max Consecutive Ones III `(LC 1004)`,Summer_pep_DSA-main/09-Sliding-Window.md,03-Arrays,fundamentals,Arrays,L4 Medium,Tier B,03-Arrays/b2-max-consecutive-ones-iii-lc-1004.md,existing,NA,NA,NA,cpp,pending,2026-10-05
PR-0599,B3 — Longest Substring Without Repeating Characters `(LC 3)`,Summer_pep_DSA-main/09-Sliding-Window.md,03-Arrays,fundamentals,Arrays,L4 Medium,Tier A,03-Arrays/b3-longest-substring-without-repeating-characters-lc-3.md,existing,NA,NA,NA,cpp,pending,2026-10-05
PR-0600,B4 — Fruit Into Baskets `(LC 904)`,Summer_pep_DSA-main/09-Sliding-Window.md,03-Arrays,fundamentals,Arrays,L4 Medium,Tier B,03-Arrays/b4-fruit-into-baskets-lc-904.md,existing,NA,NA,NA,cpp,pending,2026-10-05
PR-0601,B5 — Maximum Erasure Value `(LC 1695)`,Summer_pep_DSA-main/09-Sliding-Window.md,03-Arrays,fundamentals,Arrays,L4 Medium,Tier B,03-Arrays/b5-maximum-erasure-value-lc-1695.md,existing,NA,NA,NA,cpp,pending,2026-10-05
PR-0602,PART C — The Bridge Problem: Permutation in String `(LC 567)`,Summer_pep_DSA-main/09-Sliding-Window.md,03-Arrays,fundamentals,Arrays,L4 Medium,Tier B,03-Arrays/part-c-the-bridge-problem-permutation-in-string-lc-567.md,existing,NA,NA,NA,cpp,pending,2026-10-05
PR-0603,Memory Layout: Arrays vs. Linked Lists,Summer_pep_DSA-main/10-Linked-List.md,03-Arrays,fundamentals,Arrays,L4 Medium,Tier B,03-Arrays/memory-layout-arrays-vs-linked-lists.md,existing,NA,NA,NA,cpp,pending,2026-10-05
PR-0604,️ The Node Class Definition,Summer_pep_DSA-main/10-Linked-List.md,03-Arrays,fundamentals,Arrays,L4 Medium,Tier B,03-Arrays/the-node-class-definition.md,existing,NA,NA,NA,cpp,pending,2026-10-05
PR-0605,Day 1: Foundational Pointers,Summer_pep_DSA-main/10-Linked-List.md,03-Arrays,fundamentals,Arrays,L4 Medium,Tier B,03-Arrays/day-1-foundational-pointers.md,existing,NA,NA,NA,cpp,pending,2026-10-05
PR-0606,Day 2: Interview Combinations,Summer_pep_DSA-main/10-Linked-List.md,03-Arrays,fundamentals,Arrays,L4 Medium,Tier B,03-Arrays/day-2-interview-combinations.md,existing,NA,NA,NA,cpp,pending,2026-10-05
PR-0607,Implementation 1 — Stack Using Array,Summer_pep_DSA-main/11-Stack.md,03-Arrays,fundamentals,Arrays,L4 Medium,Tier B,03-Arrays/implementation-1-stack-using-array.md,existing,NA,NA,NA,cpp,pending,2026-10-05
PR-0608,Implementation 2 — Stack Using Linked List,Summer_pep_DSA-main/11-Stack.md,03-Arrays,fundamentals,Arrays,L4 Medium,Tier B,03-Arrays/implementation-2-stack-using-linked-list.md,existing,NA,NA,NA,cpp,pending,2026-10-05
PR-0609,"In Real Code, Use the Built-In Stack",Summer_pep_DSA-main/11-Stack.md,03-Arrays,fundamentals,Arrays,L4 Medium,Tier B,03-Arrays/in-real-code-use-the-built-in-stack.md,existing,NA,NA,NA,cpp,pending,2026-10-05
PR-0610,— Valid Parentheses `(LC 20)`,Summer_pep_DSA-main/11-Stack.md,03-Arrays,fundamentals,Arrays,L4 Medium,Tier A,03-Arrays/valid-parentheses-lc-20.md,existing,NA,NA,NA,cpp,pending,2026-10-05
PR-0611,— Minimum Add to Make Parentheses Valid `(LC 921)`,Summer_pep_DSA-main/11-Stack.md,03-Arrays,fundamentals,Arrays,L4 Medium,Tier B,03-Arrays/minimum-add-to-make-parentheses-valid-lc-921.md,existing,NA,NA,NA,cpp,pending,2026-10-05
PR-0612,— Minimum Remove to Make Valid Parentheses `(LC 1249)`,Summer_pep_DSA-main/11-Stack.md,03-Arrays,fundamentals,Arrays,L4 Medium,Tier A,03-Arrays/minimum-remove-to-make-valid-parentheses-lc-1249.md,existing,NA,NA,NA,cpp,pending,2026-10-05
PR-0613,End of Day 1 Summary,Summer_pep_DSA-main/11-Stack.md,03-Arrays,fundamentals,Arrays,L4 Medium,Tier B,03-Arrays/end-of-day-1-summary.md,existing,NA,NA,NA,cpp,pending,2026-10-05
PR-0614,— Next Greater Element (GFG),Summer_pep_DSA-main/11-Stack.md,03-Arrays,fundamentals,Arrays,L4 Medium,Tier B,03-Arrays/next-greater-element-gfg.md,existing,NA,NA,NA,cpp,pending,2026-10-05
PR-0615,— Next Greater Element I `(LC 496)`,Summer_pep_DSA-main/11-Stack.md,03-Arrays,fundamentals,Arrays,L4 Medium,Tier B,03-Arrays/next-greater-element-i-lc-496.md,existing,NA,NA,NA,cpp,pending,2026-10-05
PR-0616,— Daily Temperatures `(LC 739)`,Summer_pep_DSA-main/11-Stack.md,03-Arrays,fundamentals,Arrays,L4 Medium,Tier A,03-Arrays/daily-temperatures-lc-739.md,existing,NA,NA,NA,cpp,pending,2026-10-05
PR-0617,— Online Stock Span `(LC 901)`,Summer_pep_DSA-main/11-Stack.md,03-Arrays,fundamentals,Arrays,L4 Medium,Tier B,03-Arrays/online-stock-span-lc-901.md,existing,NA,NA,NA,cpp,pending,2026-10-05
PR-0618,— Min Stack `(LC 155)`,Summer_pep_DSA-main/11-Stack.md,03-Arrays,fundamentals,Arrays,L4 Medium,Tier B,03-Arrays/min-stack-lc-155.md,existing,NA,NA,NA,cpp,pending,2026-10-05
PR-0619,— Evaluate Reverse Polish Notation `(LC 150)`,Summer_pep_DSA-main/11-Stack.md,03-Arrays,fundamentals,Arrays,L4 Medium,Tier B,03-Arrays/evaluate-reverse-polish-notation-lc-150.md,existing,NA,NA,NA,cpp,pending,2026-10-05
PR-0620,End of Day 2 Summary,Summer_pep_DSA-main/11-Stack.md,03-Arrays,fundamentals,Arrays,L4 Medium,Tier B,03-Arrays/end-of-day-2-summary.md,existing,https://leetcode.com/problems/minimum-remove-to-make-valid-parentheses/,NA,NA,cpp,pending,2026-10-05
PR-0621,Viva Questions & Answers,Summer_pep_DSA-main/11-Stack.md,03-Arrays,fundamentals,Arrays,L4 Medium,Tier B,03-Arrays/viva-questions-answers.md,existing,NA,NA,NA,cpp,pending,2026-10-05
PR-0622,Implementation 1 — Queue Using Array,Summer_pep_DSA-main/12-Queue.md,03-Arrays,fundamentals,Arrays,L4 Medium,Tier B,03-Arrays/implementation-1-queue-using-array.md,existing,NA,NA,NA,cpp,pending,2026-10-05
PR-0623,Implementation 2 — Queue Using Linked List,Summer_pep_DSA-main/12-Queue.md,03-Arrays,fundamentals,Arrays,L4 Medium,Tier B,03-Arrays/implementation-2-queue-using-linked-list.md,existing,NA,NA,NA,cpp,pending,2026-10-05
PR-0624,"In Real Code, Use the Built-In Queue",Summer_pep_DSA-main/12-Queue.md,03-Arrays,fundamentals,Arrays,L4 Medium,Tier B,03-Arrays/in-real-code-use-the-built-in-queue.md,existing,NA,NA,NA,cpp,pending,2026-10-05
PR-0625,Application 1 — Number of Recent Calls `(LC 933)`,Summer_pep_DSA-main/12-Queue.md,03-Arrays,fundamentals,Arrays,L4 Medium,Tier B,03-Arrays/application-1-number-of-recent-calls-lc-933.md,existing,NA,NA,NA,cpp,pending,2026-10-05
PR-0626,Application 2 — Moving Average from Data Stream `(LC 346)`,Summer_pep_DSA-main/12-Queue.md,03-Arrays,fundamentals,Arrays,L4 Medium,Tier B,03-Arrays/application-2-moving-average-from-data-stream-lc-346.md,existing,NA,NA,NA,cpp,pending,2026-10-05
PR-0627,Application 3 — Number of Students Unable to Eat Lunch `(LC 1700)`,Summer_pep_DSA-main/12-Queue.md,03-Arrays,fundamentals,Arrays,L4 Medium,Tier B,03-Arrays/application-3-number-of-students-unable-to-eat-lunch-lc-1700.md,existing,NA,NA,NA,cpp,pending,2026-10-05
PR-0628,Application 4 — Dota2 Senate `(LC 649)`,Summer_pep_DSA-main/12-Queue.md,03-Arrays,fundamentals,Arrays,L4 Medium,Tier B,03-Arrays/application-4-dota2-senate-lc-649.md,existing,NA,NA,NA,cpp,pending,2026-10-05
PR-0629,Day 1 Summary,Summer_pep_DSA-main/12-Queue.md,03-Arrays,fundamentals,Arrays,L4 Medium,Tier B,03-Arrays/day-1-summary.md,existing,NA,NA,NA,cpp,pending,2026-10-05
PR-0630,Application 5 — Implement Stack Using Queues `(LC 225)`,Summer_pep_DSA-main/12-Queue.md,03-Arrays,fundamentals,Arrays,L4 Medium,Tier B,03-Arrays/application-5-implement-stack-using-queues-lc-225.md,existing,NA,NA,NA,cpp,pending,2026-10-05
PR-0631,Application 6 — Implement Queue Using Stacks `(LC 232)`,Summer_pep_DSA-main/12-Queue.md,03-Arrays,fundamentals,Arrays,L4 Medium,Tier B,03-Arrays/application-6-implement-queue-using-stacks-lc-232.md,existing,NA,NA,NA,cpp,pending,2026-10-05
PR-0632,Application 7 — Sliding Window Maximum `(LC 239)`,Summer_pep_DSA-main/12-Queue.md,03-Arrays,fundamentals,Arrays,L5 Hard,Tier A,03-Arrays/application-7-sliding-window-maximum-lc-239.md,existing,NA,NA,NA,cpp,pending,2026-10-05
PR-0633,Application 8 — Rotting Oranges `(LC 994)` — Multi-Source BFS,Summer_pep_DSA-main/12-Queue.md,03-Arrays,fundamentals,Arrays,L4 Medium,Tier B,03-Arrays/application-8-rotting-oranges-lc-994-multi-source-bfs.md,existing,NA,NA,NA,cpp,pending,2026-10-05
PR-0634,Application 9 — Binary Tree Level Order Traversal `(LC 102)` — Tree BFS,Summer_pep_DSA-main/12-Queue.md,03-Arrays,fundamentals,Arrays,L4 Medium,Tier A,03-Arrays/application-9-binary-tree-level-order-traversal-lc-102-tree-bfs.md,existing,NA,NA,NA,cpp,pending,2026-10-05
PR-0635,Application 10 — Design Circular Deque `(LC 641)` — Design Question,Summer_pep_DSA-main/12-Queue.md,03-Arrays,fundamentals,Arrays,L4 Medium,Tier B,03-Arrays/application-10-design-circular-deque-lc-641-design-question.md,existing,NA,NA,NA,cpp,pending,2026-10-05
PR-0636,Day 2 Summary,Summer_pep_DSA-main/12-Queue.md,03-Arrays,fundamentals,Arrays,L4 Medium,Tier B,03-Arrays/day-2-summary.md,existing,https://leetcode.com/problems/number-of-recent-calls/,NA,NA,cpp,pending,2026-10-05
PR-0637,️ Maps / Hashing,Summer_pep_DSA-main/Daily problems/Practice-Problems.md,03-Arrays,fundamentals,Arrays,L4 Medium,Tier B,03-Arrays/maps-hashing.md,existing,https://leetcode.com/problems/valid-anagram/,NA,NA,cpp,pending,2026-10-05
PR-0638,➕ Prefix Sum,dsa-main/8_prefix_sum.cpp | Summer_pep_DSA-main/Daily problems/Practice-Problems.md,03-Arrays,fundamentals,Arrays,L4 Medium,Tier B,03-Arrays/prefix-sum.md,existing,https://leetcode.com/problems/minimum-value-to-get-positive-step-by-step-sum/,NA,NA,cpp,pending,2026-10-05
PR-0639,The Boilerplate (every program starts here),Summer_pep_DSA-main/Language-Basics/Java-Basics.md | Summer_pep_DSA-main/Language-Basics/Cpp-Basics.md,03-Arrays,fundamentals,Arrays,L4 Medium,Tier B,03-Arrays/the-boilerplate-every-program-starts-here.md,existing,NA,NA,NA,cpp,pending,2026-10-05
PR-0640,Variables & Types,Summer_pep_DSA-main/Language-Basics/Java-Basics.md | Summer_pep_DSA-main/Language-Basics/Cpp-Basics.md,03-Arrays,fundamentals,Arrays,L4 Medium,Tier B,03-Arrays/variables-types.md,existing,NA,NA,NA,cpp,pending,2026-10-05
PR-0641,Printing & Reading,Summer_pep_DSA-main/Language-Basics/Cpp-Basics.md,03-Arrays,fundamentals,Arrays,L4 Medium,Tier B,03-Arrays/printing-reading.md,existing,NA,NA,NA,cpp,pending,2026-10-05
PR-0642,Vectors (dynamic arrays),Summer_pep_DSA-main/Language-Basics/Cpp-Basics.md,03-Arrays,fundamentals,Arrays,L4 Medium,Tier B,03-Arrays/vectors-dynamic-arrays.md,existing,NA,NA,NA,cpp,pending,2026-10-05
PR-0643,Strings,Summer_pep_DSA-main/Language-Basics/Java-Basics.md | Summer_pep_DSA-main/Language-Basics/Python-Basics.md | Summer_pep_DSA-main/Language-Basics/Cpp-Basics.md,03-Arrays,fundamentals,Arrays,L4 Medium,Tier B,03-Arrays/strings.md,existing,NA,NA,NA,cpp,pending,2026-10-05
PR-0644,The `char` ↔ `int` Trick (crucial for strings),Summer_pep_DSA-main/Language-Basics/Java-Basics.md | Summer_pep_DSA-main/Language-Basics/Python-Basics.md | Summer_pep_DSA-main/Language-Basics/Cpp-Basics.md,03-Arrays,fundamentals,Arrays,L4 Medium,Tier B,03-Arrays/the-char-int-trick-crucial-for-strings.md,existing,NA,NA,NA,cpp,pending,2026-10-05
PR-0645,unordered_map (key → value) & unordered_set,Summer_pep_DSA-main/Language-Basics/Cpp-Basics.md,03-Arrays,fundamentals,Arrays,L4 Medium,Tier B,03-Arrays/unordered-map-key-value-unordered-set.md,existing,NA,NA,NA,cpp,pending,2026-10-05
PR-0646,Advanced STL Collections for DSA,Summer_pep_DSA-main/Language-Basics/Cpp-Basics.md,03-Arrays,fundamentals,Arrays,L4 Medium,Tier B,03-Arrays/advanced-stl-collections-for-dsa.md,existing,NA,NA,NA,cpp,pending,2026-10-05
PR-0647,Sorting Algorithms & Comparators,Summer_pep_DSA-main/Language-Basics/Cpp-Basics.md,03-Arrays,fundamentals,Arrays,L4 Medium,Tier B,03-Arrays/sorting-algorithms-comparators.md,existing,NA,NA,NA,cpp,pending,2026-10-05
PR-0648,Handy Utilities,Summer_pep_DSA-main/Language-Basics/Cpp-Basics.md,03-Arrays,fundamentals,Arrays,L4 Medium,Tier B,03-Arrays/handy-utilities.md,existing,NA,NA,NA,cpp,pending,2026-10-05
PR-0649,Pairs (combining two values),Summer_pep_DSA-main/Language-Basics/Cpp-Basics.md,03-Arrays,fundamentals,Arrays,L4 Medium,Tier B,03-Arrays/pairs-combining-two-values.md,existing,NA,NA,NA,cpp,pending,2026-10-05
PR-0650,Step-by-Step Dry Run: C++ Frequency Counter,Summer_pep_DSA-main/Language-Basics/Cpp-Basics.md,03-Arrays,fundamentals,Arrays,L4 Medium,Tier B,03-Arrays/step-by-step-dry-run-c-frequency-counter.md,existing,NA,NA,NA,cpp,pending,2026-10-05
PR-0651,Arrays,Summer_pep_DSA-main/Language-Basics/Java-Basics.md,03-Arrays,fundamentals,Arrays,L4 Medium,Tier B,03-Arrays/arrays.md,existing,NA,NA,NA,cpp,pending,2026-10-05
PR-0652,Loops,Summer_pep_DSA-main/Language-Basics/Java-Basics.md | Summer_pep_DSA-main/Language-Basics/Python-Basics.md,03-Arrays,fundamentals,Arrays,L4 Medium,Tier B,03-Arrays/loops.md,existing,NA,NA,NA,cpp,pending,2026-10-05
PR-0653,HashMap (key → value) — counting & mapping,Summer_pep_DSA-main/Language-Basics/Java-Basics.md,03-Arrays,fundamentals,Arrays,L4 Medium,Tier B,03-Arrays/hashmap-key-value-counting-mapping.md,existing,NA,NA,NA,cpp,pending,2026-10-05
PR-0654,"HashSet (unique items) — ""have I seen this?""",Summer_pep_DSA-main/Language-Basics/Java-Basics.md,03-Arrays,fundamentals,Arrays,L4 Medium,Tier B,03-Arrays/hashset-unique-items-have-i-seen-this.md,existing,NA,NA,NA,cpp,pending,2026-10-05
PR-0655,ArrayList (a resizable array / list),Summer_pep_DSA-main/Language-Basics/Java-Basics.md,03-Arrays,fundamentals,Arrays,L4 Medium,Tier B,03-Arrays/arraylist-a-resizable-array-list.md,existing,NA,NA,NA,cpp,pending,2026-10-05
PR-0656,Advanced Collections for DSA,Summer_pep_DSA-main/Language-Basics/Java-Basics.md,03-Arrays,fundamentals,Arrays,L4 Medium,Tier B,03-Arrays/advanced-collections-for-dsa.md,existing,NA,NA,NA,cpp,pending,2026-10-05
PR-0657,Sorting with Custom Order (Comparators),Summer_pep_DSA-main/Language-Basics/Java-Basics.md,03-Arrays,fundamentals,Arrays,L4 Medium,Tier B,03-Arrays/sorting-with-custom-order-comparators.md,existing,NA,NA,NA,cpp,pending,2026-10-05
PR-0658,Handy Math & Utilities,Summer_pep_DSA-main/Language-Basics/Java-Basics.md,03-Arrays,fundamentals,Arrays,L4 Medium,Tier B,03-Arrays/handy-math-utilities.md,existing,NA,NA,NA,cpp,pending,2026-10-05
PR-0659,Reading Input (for online judges / GfG),Summer_pep_DSA-main/Language-Basics/Java-Basics.md,03-Arrays,fundamentals,Arrays,L4 Medium,Tier B,03-Arrays/reading-input-for-online-judges-gfg.md,existing,NA,NA,NA,cpp,pending,2026-10-05
PR-0660,Step-by-Step Dry Run: Java `HashMap.getOrDefault()`,Summer_pep_DSA-main/Language-Basics/Java-Basics.md,03-Arrays,fundamentals,Arrays,L4 Medium,Tier B,03-Arrays/step-by-step-dry-run-java-hashmap-getordefault.md,existing,NA,NA,NA,cpp,pending,2026-10-05
PR-0661,The Basics (no boilerplate needed!),Summer_pep_DSA-main/Language-Basics/Python-Basics.md,03-Arrays,fundamentals,Arrays,L2 Easy,Tier B,03-Arrays/the-basics-no-boilerplate-needed.md,existing,NA,NA,NA,cpp,pending,2026-10-05
PR-0662,Variables (dynamic typing),Summer_pep_DSA-main/Language-Basics/Python-Basics.md,03-Arrays,fundamentals,Arrays,L4 Medium,Tier B,03-Arrays/variables-dynamic-typing.md,existing,NA,NA,NA,cpp,pending,2026-10-05
PR-0663,Lists (Python's array),Summer_pep_DSA-main/Language-Basics/Python-Basics.md,03-Arrays,fundamentals,Arrays,L4 Medium,Tier B,03-Arrays/lists-python-s-array.md,existing,NA,NA,NA,cpp,pending,2026-10-05
PR-0664,Slicing (Python's superpower),Summer_pep_DSA-main/Language-Basics/Python-Basics.md,03-Arrays,fundamentals,Arrays,L4 Medium,Tier B,03-Arrays/slicing-python-s-superpower.md,existing,NA,NA,NA,cpp,pending,2026-10-05
PR-0665,Dictionaries (HashMap equivalent),Summer_pep_DSA-main/Language-Basics/Python-Basics.md,03-Arrays,fundamentals,Arrays,L4 Medium,Tier B,03-Arrays/dictionaries-hashmap-equivalent.md,existing,NA,NA,NA,cpp,pending,2026-10-05
PR-0666,Sets (Uniqueness check),Summer_pep_DSA-main/Language-Basics/Python-Basics.md,03-Arrays,fundamentals,Arrays,L4 Medium,Tier B,03-Arrays/sets-uniqueness-check.md,existing,NA,NA,NA,cpp,pending,2026-10-05
PR-0667,Advanced Libraries for DSA,Summer_pep_DSA-main/Language-Basics/Python-Basics.md,03-Arrays,fundamentals,Arrays,L4 Medium,Tier B,03-Arrays/advanced-libraries-for-dsa.md,existing,NA,NA,NA,cpp,pending,2026-10-05
PR-0668,Sorting with Custom Order,Summer_pep_DSA-main/Language-Basics/Python-Basics.md,03-Arrays,fundamentals,Arrays,L4 Medium,Tier B,03-Arrays/sorting-with-custom-order.md,existing,NA,NA,NA,cpp,pending,2026-10-05
PR-0669,Step-by-Step Dry Run: Python Frequency Counter (`dict.get`),Summer_pep_DSA-main/Language-Basics/Python-Basics.md,03-Arrays,fundamentals,Arrays,L4 Medium,Tier B,03-Arrays/step-by-step-dry-run-python-frequency-counter-dict-get.md,existing,NA,NA,NA,cpp,pending,2026-10-05
PR-0670,Sum Interval,dsa-main/10sum_interval.cpp,03-Arrays,fundamentals,Arrays,L4 Medium,Tier B,03-Arrays/sum-interval.md,existing,NA,NA,NA,cpp,yes,2026-10-05
PR-0671,Remove Occurence(A),dsa-main/10_remove_Occurence(a).cpp,03-Arrays,fundamentals,Arrays,L4 Medium,Tier B,03-Arrays/remove-occurence-a.md,existing,NA,NA,NA,cpp,yes,2026-10-05
PR-0672,Matrix Muktiplication,dsa-main/11_Matrix_muktiplication.cpp,03-Arrays,matrix,2D Arrays,L4 Medium,Tier B,03-Arrays/matrix-muktiplication.md,existing,NA,NA,NA,cpp,yes,2026-10-05
PR-0673,Palindrome,dsa-main/11_Palindrome.cpp,03-Arrays,fundamentals,Arrays,L2 Easy,Tier B,03-Arrays/palindrome.md,existing,NA,NA,NA,cpp,yes,2026-10-05
PR-0674,Printing Numbers,dsa-main/12_printing_numbers.cpp,03-Arrays,fundamentals,Arrays,L4 Medium,Tier B,03-Arrays/printing-numbers.md,existing,NA,NA,NA,cpp,yes,2026-10-05
PR-0675,K Multiple Of N,dsa-main/13_k_Multiple_of_n.cpp,03-Arrays,fundamentals,Arrays,L4 Medium,Tier B,03-Arrays/k-multiple-of-n.md,existing,NA,NA,NA,cpp,yes,2026-10-05
PR-0676,Sum Of Natural Num With Alternateign,dsa-main/14_sum_of_natural_num_with_alternateign.cpp,03-Arrays,fundamentals,Arrays,L4 Medium,Tier B,03-Arrays/sum-of-natural-num-with-alternateign.md,existing,NA,NA,NA,cpp,yes,2026-10-05
PR-0677,Gcd Recursion,dsa-main/15_GCD_recursion.cpp,14-Recursion,basics,Recursion,L4 Medium,Tier B,14-Recursion/gcd-recursion.md,existing,NA,NA,NA,cpp,yes,2026-10-05
PR-0678,Armstrong Number Check,dsa-main/16_Armstrong_Number_check.cpp,03-Arrays,fundamentals,Arrays,L4 Medium,Tier B,03-Arrays/armstrong-number-check.md,existing,NA,NA,NA,cpp,yes,2026-10-05
PR-0679,Frog Jump,dsa-main/17_Frog_jump.cpp,03-Arrays,fundamentals,Arrays,L4 Medium,Tier B,03-Arrays/frog-jump.md,existing,NA,NA,NA,cpp,yes,2026-10-05
PR-0680,Factorial,dsa-main/1_factorial.cpp,03-Arrays,fundamentals,Arrays,L4 Medium,Tier B,03-Arrays/factorial.md,existing,NA,NA,NA,cpp,yes,2026-10-05
PR-0681,Valueataddreaa,dsa-main/2_valueAtAddreaa.cpp,03-Arrays,fundamentals,Arrays,L4 Medium,Tier B,03-Arrays/valueataddreaa.md,existing,NA,NA,NA,cpp,yes,2026-10-05
PR-0682,Updatingvalueusingpointer,dsa-main/3_updatingValueUsingPointer.cpp,03-Arrays,fundamentals,Arrays,L4 Medium,Tier B,03-Arrays/updatingvalueusingpointer.md,existing,NA,NA,NA,cpp,yes,2026-10-05
PR-0683,Recursive Sum Of Digitts,dsa-main/4_recursive_sum_of_Digitts.cpp,03-Arrays,fundamentals,Arrays,L4 Medium,Tier B,03-Arrays/recursive-sum-of-digitts.md,existing,NA,NA,NA,cpp,yes,2026-10-05
PR-0684,Swaping Value,dsa-main/4_swaping_value.cpp,03-Arrays,fundamentals,Arrays,L4 Medium,Tier B,03-Arrays/swaping-value.md,existing,NA,NA,NA,cpp,yes,2026-10-05
PR-0685,Firstandlastoccurence,dsa-main/5_firstAndLastOccurence.cpp,03-Arrays,fundamentals,Arrays,L4 Medium,Tier B,03-Arrays/firstandlastoccurence.md,existing,NA,NA,NA,cpp,yes,2026-10-05
PR-0686,P To The Power Q Usingrecursion,dsa-main/5_p_to_the_power_q_UsingRecursion.cpp,14-Recursion,basics,Recursion,L4 Medium,Tier B,14-Recursion/p-to-the-power-q-usingrecursion.md,existing,NA,NA,NA,cpp,yes,2026-10-05
PR-0687,Sort Zero One,dsa-main/5_sort_zero_One.cpp,03-Arrays,fundamentals,Arrays,L4 Medium,Tier B,03-Arrays/sort-zero-one.md,existing,NA,NA,NA,cpp,yes,2026-10-05
PR-0688,Even Int Move2,dsa-main/6_even_int_move2.cpp,03-Arrays,fundamentals,Arrays,L4 Medium,Tier B,03-Arrays/even-int-move2.md,existing,NA,NA,NA,cpp,yes,2026-10-05
PR-0689,Incrementdecrement,dsa-main/6_IncrementDecrement.cpp,03-Arrays,fundamentals,Arrays,L4 Medium,Tier B,03-Arrays/incrementdecrement.md,existing,NA,NA,NA,cpp,yes,2026-10-05
PR-0690,Array Recursive,dsa-main/7_array_recursive.cpp,03-Arrays,fundamentals,Arrays,L4 Medium,Tier B,03-Arrays/array-recursive.md,existing,NA,NA,NA,cpp,yes,2026-10-05
PR-0691,Prepostarithematic,dsa-main/7_prepostArithematic.cpp,03-Arrays,fundamentals,Arrays,L4 Medium,Tier B,03-Arrays/prepostarithematic.md,existing,NA,NA,NA,cpp,yes,2026-10-05
PR-0692,Sort Squared Array,dsa-main/7_sort_Squared_array.cpp,03-Arrays,fundamentals,Arrays,L4 Medium,Tier B,03-Arrays/sort-squared-array.md,existing,NA,NA,NA,cpp,yes,2026-10-05
PR-0693,Increment Address,dsa-main/8_increment_address.cpp,03-Arrays,fundamentals,Arrays,L4 Medium,Tier B,03-Arrays/increment-address.md,existing,NA,NA,NA,cpp,yes,2026-10-05
PR-0694,Max Ele Inarray Recursive,dsa-main/8_max_ele_inArray_recursive.cpp,03-Arrays,fundamentals,Arrays,L4 Medium,Tier B,03-Arrays/max-ele-inarray-recursive.md,existing,NA,NA,NA,cpp,yes,2026-10-05
PR-0695,Check Prefix Sum,dsa-main/9_check_prefix_sum.cpp,09-Prefix-Sum-and-Difference-Array,prefix-sum,Prefix Sum,L4 Medium,Tier B,09-Prefix-Sum-and-Difference-Array/check-prefix-sum.md,existing,NA,NA,NA,cpp,yes,2026-10-05
PR-0696,Sum Array Ele Usingrecursion,dsa-main/9_sum_array_ele_usingRecursion.cpp,14-Recursion,basics,Recursion,L4 Medium,Tier B,14-Recursion/sum-array-ele-usingrecursion.md,existing,NA,NA,NA,cpp,yes,2026-10-05
PR-0697,Adding Removing,dsa-main/adding_removing.cpp,03-Arrays,fundamentals,Arrays,L4 Medium,Tier B,03-Arrays/adding-removing.md,existing,NA,NA,NA,cpp,yes,2026-10-05
PR-0698,Arr Manipulation,dsa-main/arr_manipulation.cpp,03-Arrays,fundamentals,Arrays,L4 Medium,Tier B,03-Arrays/arr-manipulation.md,existing,NA,NA,NA,cpp,yes,2026-10-05
PR-0699,Arr Manipulation1,dsa-main/arr_manipulation1.cpp,03-Arrays,fundamentals,Arrays,L4 Medium,Tier B,03-Arrays/arr-manipulation1.md,existing,NA,NA,NA,cpp,yes,2026-10-05
PR-0700,Basic Array,dsa-main/basic_array.cpp,03-Arrays,fundamentals,Arrays,L2 Easy,Tier B,03-Arrays/basic-array.md,existing,NA,NA,NA,cpp,yes,2026-10-05
PR-0701,Check Sorted Or Not,dsa-main/check_sorted_or_not.cpp,03-Arrays,fundamentals,Arrays,L4 Medium,Tier B,03-Arrays/check-sorted-or-not.md,existing,NA,NA,NA,cpp,yes,2026-10-05
PR-0702,Count Occurence,dsa-main/Count_occurence.cpp,03-Arrays,fundamentals,Arrays,L4 Medium,Tier B,03-Arrays/count-occurence.md,existing,NA,NA,NA,cpp,yes,2026-10-05
PR-0703,Delete Add,dsa-main/delete_add.cpp,03-Arrays,fundamentals,Arrays,L4 Medium,Tier B,03-Arrays/delete-add.md,existing,NA,NA,NA,cpp,yes,2026-10-05
PR-0704,Even-Odd,dsa-main/even-odd.cpp,03-Arrays,fundamentals,Arrays,L4 Medium,Tier B,03-Arrays/even-odd.md,existing,NA,NA,NA,cpp,yes,2026-10-05
PR-0705,Even Int Move,dsa-main/even_int_move.cpp,03-Arrays,fundamentals,Arrays,L4 Medium,Tier B,03-Arrays/even-int-move.md,existing,NA,NA,NA,cpp,yes,2026-10-05
PR-0706,Frequency Query,dsa-main/frequency_query.cpp,03-Arrays,fundamentals,Arrays,L4 Medium,Tier B,03-Arrays/frequency-query.md,existing,NA,NA,NA,cpp,yes,2026-10-05
PR-0707,Largest,dsa-main/largest.cpp,03-Arrays,fundamentals,Arrays,L4 Medium,Tier B,03-Arrays/largest.md,existing,NA,NA,NA,cpp,yes,2026-10-05
PR-0708,Librarymanagement,dsa-main/LibraryManagement.cpp,03-Arrays,fundamentals,Arrays,L4 Medium,Tier B,03-Arrays/librarymanagement.md,existing,NA,NA,NA,cpp,yes,2026-10-05
PR-0709,Linear Search2,dsa-main/linear_search2.cpp,03-Arrays,fundamentals,Arrays,L4 Medium,Tier B,03-Arrays/linear-search2.md,existing,NA,NA,NA,cpp,yes,2026-10-05
PR-0710,Linerr Search,dsa-main/linerr_search.cpp,03-Arrays,fundamentals,Arrays,L4 Medium,Tier B,03-Arrays/linerr-search.md,existing,NA,NA,NA,cpp,yes,2026-10-05
PR-0711,Matrix Transpose,dsa-main/matrix_Transpose.cpp,03-Arrays,matrix,2D Arrays,L4 Medium,Tier B,03-Arrays/matrix-transpose.md,existing,NA,NA,NA,cpp,yes,2026-10-05
PR-0712,Printing Elements,dsa-main/printing_elements.cpp,03-Arrays,fundamentals,Arrays,L4 Medium,Tier B,03-Arrays/printing-elements.md,existing,NA,NA,NA,cpp,yes,2026-10-05
PR-0713,Reverse Arr,dsa-main/reverse_arr.cpp,03-Arrays,fundamentals,Arrays,L4 Medium,Tier B,03-Arrays/reverse-arr.md,existing,NA,NA,NA,cpp,yes,2026-10-05
PR-0714,Second Largest,dsa-main/second_largest.cpp,03-Arrays,fundamentals,Arrays,L4 Medium,Tier B,03-Arrays/second-largest.md,existing,NA,NA,NA,cpp,yes,2026-10-05
PR-0715,Target Sum,dsa-main/target_sum.cpp,03-Arrays,fundamentals,Arrays,L4 Medium,Tier B,03-Arrays/target-sum.md,existing,NA,NA,NA,cpp,yes,2026-10-05
PR-0716,Target Sum2,dsa-main/target_sum2.cpp,03-Arrays,fundamentals,Arrays,L4 Medium,Tier B,03-Arrays/target-sum2.md,existing,NA,NA,NA,cpp,yes,2026-10-05
PR-0717,User Input Vector,dsa-main/user_input_vector.cpp,03-Arrays,fundamentals,Arrays,L4 Medium,Tier B,03-Arrays/user-input-vector.md,existing,NA,NA,NA,cpp,yes,2026-10-05
PR-0718,Vector Basic,dsa-main/vector_basic.cpp,03-Arrays,fundamentals,Arrays,L2 Easy,Tier B,03-Arrays/vector-basic.md,existing,NA,NA,NA,cpp,yes,2026-10-05
